/* Auto-generated by fonts/gen_ime_table.py. Do not edit. */

#include "solar_os_ime_table.h"

const uint32_t solar_os_ime_syllable_count = 493;
const uint32_t solar_os_ime_candidate_size = 14442;

const solar_os_ime_syllable_t solar_os_ime_syllables[493] = {
    { "a", 0, 2 },
    { "ai", 8, 13 },
    { "an", 60, 9 },
    { "ang", 96, 3 },
    { "ao", 108, 9 },
    { "ba", 144, 18 },
    { "bai", 216, 8 },
    { "ban", 248, 15 },
    { "banben", 308, 1 },
    { "bang", 315, 12 },
    { "bao", 363, 13 },
    { "baocun", 415, 1 },
    { "bei", 422, 15 },
    { "beifen", 482, 1 },
    { "ben", 489, 4 },
    { "beng", 505, 6 },
    { "bi", 529, 23 },
    { "bian", 621, 12 },
    { "bianji", 669, 1 },
    { "biao", 676, 4 },
    { "bie", 692, 4 },
    { "bin", 708, 6 },
    { "bing", 732, 5 },
    { "bo", 752, 19 },
    { "bofang", 828, 1 },
    { "bu", 835, 10 },
    { "ca", 875, 1 },
    { "cai", 879, 11 },
    { "can", 923, 8 },
    { "cang", 955, 5 },
    { "cao", 975, 5 },
    { "ce", 995, 5 },
    { "ceng", 1015, 3 },
    { "ceshi", 1027, 1 },
    { "cha", 1034, 11 },
    { "chai", 1078, 3 },
    { "chan", 1090, 8 },
    { "chang", 1122, 10 },
    { "chao", 1162, 9 },
    { "che", 1198, 6 },
    { "chen", 1222, 10 },
    { "cheng", 1262, 15 },
    { "chi", 1322, 15 },
    { "chong", 1382, 6 },
    { "chou", 1406, 12 },
    { "chu", 1454, 13 },
    { "chuai", 1506, 1 },
    { "chuan", 1510, 7 },
    { "chuang", 1538, 6 },
    { "chui", 1562, 6 },
    { "chumo", 1586, 1 },
    { "chun", 1593, 7 },
    { "chuo", 1621, 2 },
    { "ci", 1629, 13 },
    { "cipan", 1681, 1 },
    { "cong", 1688, 6 },
    { "cou", 1712, 1 },
    { "cu", 1716, 4 },
    { "cuan", 1732, 4 },
    { "cui", 1748, 8 },
    { "cun", 1780, 3 },
    { "cunchu", 1792, 1 },
    { "cuo", 1799, 6 },
    { "cuowu", 1823, 1 },
    { "da", 1830, 6 },
    { "dai", 1854, 9 },
    { "dakai", 1890, 1 },
    { "dan", 1897, 16 },
    { "dang", 1961, 5 },
    { "dao", 1981, 12 },
    { "de", 2029, 4 },
    { "dei", 2045, 1 },
    { "deng", 2049, 7 },
    { "denglu", 2077, 1 },
    { "detu", 2084, 1 },
    { "dezhi", 2091, 1 },
    { "di", 2098, 19 },
    { "dian", 2174, 16 },
    { "dianya", 2238, 1 },
    { "diao", 2245, 9 },
    { "die", 2281, 3 },
    { "ding", 2293, 9 },
    { "ditu", 2329, 1 },
    { "diu", 2336, 1 },
    { "dizhi", 2340, 1 },
    { "dong", 2347, 10 },
    { "dou", 2387, 9 },
    { "du", 2423, 14 },
    { "duan", 2479, 6 },
    { "dui", 2503, 4 },
    { "dun", 2519, 9 },
    { "duo", 2555, 13 },
    { "e", 2607, 13 },
    { "en", 2659, 1 },
    { "er", 2663, 4 },
    { "fa", 2679, 8 },
    { "fan", 2711, 17 },
    { "fang", 2779, 11 },
    { "fanhui", 2823, 1 },
    { "fei", 2830, 12 },
    { "fen", 2878, 15 },
    { "feng", 2938, 15 },
    { "fenou", 2998, 1 },
    { "fenqu", 3005, 1 },
    { "fou", 3012, 1 },
    { "fu", 3016, 24 },
    { "fuzhi", 3112, 1 },
    { "ga", 3119, 3 },
    { "gai", 3131, 6 },
    { "gan", 3155, 11 },
    { "gang", 3199, 9 },
    { "gao", 3235, 10 },
    { "ge", 3275, 17 },
    { "gei", 3343, 1 },
    { "gen", 3347, 2 },
    { "geng", 3355, 3 },
    { "gequ", 3367, 1 },
    { "gong", 3374, 15 },
    { "gou", 3434, 9 },
    { "gu", 3470, 18 },
    { "gua", 3542, 6 },
    { "guai", 3566, 3 },
    { "guan", 3578, 11 },
    { "guanbi", 3622, 1 },
    { "guang", 3629, 3 },
    { "guanji", 3641, 1 },
    { "gui", 3648, 17 },
    { "gujian", 3716, 1 },
    { "gun", 3723, 3 },
    { "guo", 3735, 3 },
    { "ha", 3747, 1 },
    { "hai", 3751, 8 },
    { "han", 3783, 19 },
    { "hang", 3859, 4 },
    { "hao", 3875, 10 },
    { "he", 3915, 18 },
    { "hei", 3987, 2 },
    { "hen", 3995, 4 },
    { "heng", 4011, 5 },
    { "hong", 4031, 9 },
    { "hou", 4067, 7 },
    { "hu", 4095, 14 },
    { "hua", 4151, 9 },
    { "huai", 4187, 5 },
    { "huan", 4207, 14 },
    { "huang", 4263, 14 },
    { "hui", 4319, 21 },
    { "huida", 4403, 1 },
    { "huifu", 4410, 1 },
    { "hun", 4417, 6 },
    { "huo", 4441, 10 },
    { "ji", 4481, 24 },
    { "jia", 4577, 18 },
    { "jian", 4649, 24 },
    { "jiang", 4745, 13 },
    { "jiao", 4797, 24 },
    { "jie", 4893, 24 },
    { "jieshu", 4989, 1 },
    { "jin", 4996, 16 },
    { "jing", 5060, 24 },
    { "jiong", 5156, 2 },
    { "jiu", 5164, 17 },
    { "jixu", 5232, 1 },
    { "ju", 5239, 24 },
    { "juan", 5335, 8 },
    { "jue", 5367, 11 },
    { "jun", 5411, 7 },
    { "ka", 5439, 3 },
    { "kai", 5451, 5 },
    { "kaifa", 5471, 1 },
    { "kaiji", 5478, 1 },
    { "kaishi", 5485, 1 },
    { "kan", 5492, 7 },
    { "kang", 5520, 7 },
    { "kao", 5548, 4 },
    { "ke", 5564, 15 },
    { "ken", 5624, 4 },
    { "keng", 5640, 2 },
    { "keyi", 5648, 1 },
    { "kong", 5655, 4 },
    { "kou", 5671, 4 },
    { "ku", 5687, 7 },
    { "kua", 5715, 5 },
    { "kuai", 5735, 5 },
    { "kuan", 5755, 2 },
    { "kuang", 5763, 8 },
    { "kui", 5795, 7 },
    { "kun", 5823, 4 },
    { "kuo", 5839, 4 },
    { "la", 5855, 7 },
    { "lai", 5883, 3 },
    { "lan", 5895, 15 },
    { "lang", 5955, 7 },
    { "lanya", 5983, 1 },
    { "lao", 5990, 10 },
    { "le", 6030, 3 },
    { "lei", 6042, 11 },
    { "leng", 6086, 3 },
    { "li", 6098, 24 },
    { "lia", 6194, 1 },
    { "lian", 6198, 14 },
    { "liang", 6254, 11 },
    { "liao", 6298, 11 },
    { "lie", 6342, 5 },
    { "lin", 6362, 12 },
    { "ling", 6410, 14 },
    { "liu", 6466, 11 },
    { "long", 6510, 5 },
    { "lou", 6530, 7 },
    { "lu", 6558, 20 },
    { "luan", 6638, 6 },
    { "lujing", 6662, 1 },
    { "lun", 6669, 7 },
    { "luo", 6697, 12 },
    { "luxian", 6745, 1 },
    { "luyin", 6752, 1 },
    { "lv", 6759, 14 },
    { "lve", 6815, 2 },
    { "ma", 6823, 9 },
    { "mai", 6859, 6 },
    { "man", 6883, 5 },
    { "mang", 6903, 6 },
    { "mao", 6927, 12 },
    { "me", 6975, 1 },
    { "mei", 6979, 16 },
    { "men", 7043, 3 },
    { "meng", 7055, 8 },
    { "mi", 7087, 14 },
    { "mian", 7143, 9 },
    { "miao", 7179, 8 },
    { "mie", 7211, 2 },
    { "mima", 7219, 1 },
    { "min", 7226, 6 },
    { "ming", 7250, 4 },
    { "mingzi", 7266, 1 },
    { "mo", 7273, 16 },
    { "mou", 7337, 3 },
    { "mu", 7349, 16 },
    { "mulu", 7413, 1 },
    { "na", 7420, 7 },
    { "nage", 7448, 1 },
    { "nai", 7455, 5 },
    { "nan", 7475, 3 },
    { "nang", 7487, 1 },
    { "nao", 7491, 5 },
    { "naxie", 7511, 1 },
    { "nayang", 7518, 1 },
    { "ne", 7525, 2 },
    { "nei", 7533, 2 },
    { "neicun", 7541, 1 },
    { "nen", 7548, 1 },
    { "neng", 7552, 1 },
    { "ni", 7556, 12 },
    { "nian", 7604, 8 },
    { "niang", 7636, 2 },
    { "niao", 7644, 2 },
    { "nie", 7652, 7 },
    { "nihao", 7680, 1 },
    { "nimen", 7687, 1 },
    { "nin", 7694, 1 },
    { "ning", 7698, 2 },
    { "niu", 7706, 4 },
    { "nong", 7722, 4 },
    { "nu", 7738, 3 },
    { "nuan", 7750, 1 },
    { "nuo", 7754, 4 },
    { "nv", 7770, 1 },
    { "nve", 7774, 2 },
    { "o", 7782, 1 },
    { "ou", 7786, 8 },
    { "pa", 7818, 6 },
    { "pai", 7842, 6 },
    { "pan", 7866, 8 },
    { "pang", 7898, 5 },
    { "pao", 7918, 7 },
    { "pei", 7946, 9 },
    { "pen", 7982, 2 },
    { "peng", 7990, 14 },
    { "pi", 8046, 14 },
    { "pian", 8102, 4 },
    { "piao", 8118, 4 },
    { "pie", 8134, 2 },
    { "pin", 8142, 5 },
    { "pindao", 8162, 1 },
    { "ping", 8169, 9 },
    { "pingmu", 8205, 1 },
    { "po", 8212, 9 },
    { "pou", 8248, 1 },
    { "pu", 8252, 16 },
    { "qi", 8316, 24 },
    { "qia", 8412, 3 },
    { "qian", 8424, 23 },
    { "qiang", 8516, 8 },
    { "qiao", 8548, 15 },
    { "qie", 8608, 4 },
    { "qin", 8624, 11 },
    { "qing", 8668, 13 },
    { "qiong", 8720, 2 },
    { "qiu", 8728, 8 },
    { "qu", 8760, 9 },
    { "quan", 8796, 11 },
    { "que", 8840, 7 },
    { "queren", 8868, 1 },
    { "qun", 8875, 2 },
    { "quxiao", 8883, 1 },
    { "ran", 8890, 4 },
    { "rang", 8906, 5 },
    { "rao", 8926, 3 },
    { "re", 8938, 2 },
    { "ren", 8946, 10 },
    { "reng", 8986, 2 },
    { "ri", 8994, 1 },
    { "rizhi", 8998, 1 },
    { "rong", 9005, 10 },
    { "rou", 9045, 3 },
    { "ru", 9057, 10 },
    { "ruan", 9097, 2 },
    { "rui", 9105, 3 },
    { "run", 9117, 2 },
    { "ruo", 9125, 2 },
    { "sa", 9133, 3 },
    { "sai", 9145, 2 },
    { "san", 9153, 2 },
    { "sang", 9161, 3 },
    { "sao", 9173, 4 },
    { "se", 9189, 3 },
    { "sen", 9201, 1 },
    { "seng", 9205, 1 },
    { "sha", 9209, 10 },
    { "shai", 9249, 3 },
    { "shan", 9261, 17 },
    { "shang", 9329, 8 },
    { "shao", 9361, 11 },
    { "she", 9405, 14 },
    { "shebei", 9461, 1 },
    { "shen", 9468, 17 },
    { "sheng", 9536, 7 },
    { "shenme", 9564, 1 },
    { "shezhi", 9571, 1 },
    { "shi", 9578, 24 },
    { "shibai", 9674, 1 },
    { "shihou", 9681, 1 },
    { "shime", 9688, 1 },
    { "shipin", 9695, 1 },
    { "shou", 9702, 10 },
    { "shouji", 9742, 1 },
    { "shu", 9749, 24 },
    { "shua", 9845, 2 },
    { "shuai", 9853, 5 },
    { "shuan", 9873, 2 },
    { "shuang", 9881, 3 },
    { "shui", 9893, 5 },
    { "shuju", 9913, 1 },
    { "shun", 9920, 4 },
    { "shuo", 9936, 4 },
    { "shuru", 9952, 1 },
    { "si", 9959, 14 },
    { "song", 10015, 8 },
    { "sou", 10047, 4 },
    { "sousuo", 10063, 1 },
    { "su", 10070, 12 },
    { "suan", 10118, 3 },
    { "sudu", 10130, 1 },
    { "suduo", 10137, 1 },
    { "sui", 10144, 11 },
    { "sun", 10188, 3 },
    { "suo", 10200, 8 },
    { "ta", 10232, 5 },
    { "tai", 10252, 9 },
    { "tamen", 10288, 2 },
    { "tan", 10302, 19 },
    { "tang", 10378, 13 },
    { "tao", 10430, 11 },
    { "te", 10474, 1 },
    { "teng", 10478, 4 },
    { "ti", 10494, 15 },
    { "tian", 10554, 8 },
    { "tianqi", 10586, 1 },
    { "tiao", 10593, 6 },
    { "tie", 10617, 2 },
    { "ting", 10625, 7 },
    { "tong", 10653, 13 },
    { "tou", 10705, 4 },
    { "tu", 10721, 11 },
    { "tuan", 10765, 2 },
    { "tui", 10773, 6 },
    { "tuichu", 10797, 1 },
    { "tun", 10804, 3 },
    { "tuo", 10816, 11 },
    { "tupian", 10860, 1 },
    { "wa", 10867, 7 },
    { "wai", 10895, 2 },
    { "wan", 10903, 17 },
    { "wang", 10971, 7 },
    { "wei", 10999, 24 },
    { "wen", 11095, 10 },
    { "wendu", 11135, 1 },
    { "wenduo", 11142, 1 },
    { "weng", 11149, 3 },
    { "wenti", 11161, 1 },
    { "wenzi", 11168, 1 },
    { "wo", 11175, 9 },
    { "women", 11211, 1 },
    { "wu", 11218, 24 },
    { "wuhan", 11314, 1 },
    { "xi", 11321, 24 },
    { "xia", 11417, 12 },
    { "xian", 11465, 24 },
    { "xiang", 11561, 21 },
    { "xiao", 11645, 13 },
    { "xiazai", 11697, 1 },
    { "xie", 11704, 23 },
    { "xiexie", 11796, 1 },
    { "xin", 11803, 10 },
    { "xing", 11843, 15 },
    { "xinhao", 11903, 1 },
    { "xinwen", 11910, 1 },
    { "xinxi", 11917, 1 },
    { "xiong", 11924, 7 },
    { "xitong", 11952, 1 },
    { "xiu", 11959, 10 },
    { "xiuxi", 11999, 1 },
    { "xu", 12006, 20 },
    { "xuan", 12086, 6 },
    { "xuanze", 12110, 1 },
    { "xue", 12117, 7 },
    { "xuexi", 12145, 1 },
    { "xun", 12152, 14 },
    { "ya", 12208, 16 },
    { "yan", 12272, 24 },
    { "yang", 12368, 17 },
    { "yao", 12436, 12 },
    { "ye", 12484, 16 },
    { "yi", 12548, 24 },
    { "yihou", 12644, 1 },
    { "yin", 12651, 12 },
    { "ying", 12699, 18 },
    { "yinle", 12771, 1 },
    { "yinyue", 12778, 1 },
    { "yo", 12785, 1 },
    { "yong", 12789, 15 },
    { "yonghu", 12849, 1 },
    { "you", 12856, 20 },
    { "yu", 12936, 24 },
    { "yuan", 13032, 20 },
    { "yubao", 13112, 1 },
    { "yue", 13119, 10 },
    { "yun", 13159, 12 },
    { "za", 13207, 4 },
    { "zai", 13223, 8 },
    { "zan", 13255, 4 },
    { "zang", 13271, 4 },
    { "zao", 13287, 14 },
    { "ze", 13343, 4 },
    { "zei", 13359, 1 },
    { "zen", 13363, 1 },
    { "zeng", 13367, 3 },
    { "zenme", 13379, 1 },
    { "zha", 13386, 10 },
    { "zhai", 13426, 6 },
    { "zhan", 13450, 16 },
    { "zhang", 13514, 16 },
    { "zhao", 13578, 11 },
    { "zhe", 13622, 11 },
    { "zhege", 13666, 1 },
    { "zhen", 13673, 17 },
    { "zheng", 13741, 10 },
    { "zhexie", 13781, 1 },
    { "zhi", 13788, 24 },
    { "zhibo", 13884, 1 },
    { "zhidao", 13891, 1 },
    { "zhong", 13898, 11 },
    { "zhou", 13942, 14 },
    { "zhu", 13998, 22 },
    { "zhua", 14086, 2 },
    { "zhuai", 14094, 1 },
    { "zhuan", 14098, 7 },
    { "zhuang", 14126, 7 },
    { "zhuban", 14154, 1 },
    { "zhuce", 14161, 1 },
    { "zhui", 14168, 5 },
    { "zhun", 14188, 2 },
    { "zhuo", 14196, 9 },
    { "zi", 14232, 14 },
    { "ziji", 14288, 1 },
    { "zixun", 14295, 1 },
    { "zong", 14302, 7 },
    { "zou", 14330, 4 },
    { "zu", 14346, 8 },
    { "zuan", 14378, 2 },
    { "zui", 14386, 4 },
    { "zun", 14402, 2 },
    { "zuo", 14410, 8 },
};

const uint8_t solar_os_ime_candidates[] = {
    0x03, 0xE5, 0x95, 0x8A, 0x03, 0xE9, 0x98, 0xBF, 0x03, 0xE5, 0x9F, 0x83, 0x03, 0xE6, 0x8C, 0xA8,
    0x03, 0xE5, 0x93, 0x8E, 0x03, 0xE5, 0x94, 0x89, 0x03, 0xE5, 0x93, 0x80, 0x03, 0xE7, 0x9A, 0x91,
    0x03, 0xE7, 0x99, 0x8C, 0x03, 0xE8, 0x94, 0xBC, 0x03, 0xE7, 0x9F, 0xAE, 0x03, 0xE8, 0x89, 0xBE,
    0x03, 0xE7, 0xA2, 0x8D, 0x03, 0xE7, 0x88, 0xB1, 0x03, 0xE9, 0x9A, 0x98, 0x03, 0xE9, 0x9E, 0x8D,
    0x03, 0xE6, 0xB0, 0xA8, 0x03, 0xE5, 0xAE, 0x89, 0x03, 0xE4, 0xBF, 0xBA, 0x03, 0xE6, 0x8C, 0x89,
    0x03, 0xE6, 0x9A, 0x97, 0x03, 0xE5, 0xB2, 0xB8, 0x03, 0xE8, 0x83, 0xBA, 0x03, 0xE6, 0xA1, 0x88,
    0x03, 0xE8, 0x82, 0xAE, 0x03, 0xE6, 0x98, 0x82, 0x03, 0xE7, 0x9B, 0x8E, 0x03, 0xE5, 0x87, 0xB9,
    0x03, 0xE6, 0x95, 0x96, 0x03, 0xE7, 0x86, 0xAC, 0x03, 0xE7, 0xBF, 0xB1, 0x03, 0xE8, 0xA2, 0x84,
    0x03, 0xE5, 0x82, 0xB2, 0x03, 0xE5, 0xA5, 0xA5, 0x03, 0xE6, 0x87, 0x8A, 0x03, 0xE6, 0xBE, 0xB3,
    0x03, 0xE8, 0x8A, 0xAD, 0x03, 0xE6, 0x8D, 0x8C, 0x03, 0xE6, 0x89, 0x92, 0x03, 0xE5, 0x8F, 0xAD,
    0x03, 0xE5, 0x90, 0xA7, 0x03, 0xE7, 0xAC, 0x86, 0x03, 0xE5, 0x85, 0xAB, 0x03, 0xE7, 0x96, 0xA4,
    0x03, 0xE5, 0xB7, 0xB4, 0x03, 0xE6, 0x8B, 0x94, 0x03, 0xE8, 0xB7, 0x8B, 0x03, 0xE9, 0x9D, 0xB6,
    0x03, 0xE6, 0x8A, 0x8A, 0x03, 0xE8, 0x80, 0x99, 0x03, 0xE5, 0x9D, 0x9D, 0x03, 0xE9, 0x9C, 0xB8,
    0x03, 0xE7, 0xBD, 0xA2, 0x03, 0xE7, 0x88, 0xB8, 0x03, 0xE7, 0x99, 0xBD, 0x03, 0xE6, 0x9F, 0x8F,
    0x03, 0xE7, 0x99, 0xBE, 0x03, 0xE6, 0x91, 0x86, 0x03, 0xE4, 0xBD, 0xB0, 0x03, 0xE8, 0xB4, 0xA5,
    0x03, 0xE6, 0x8B, 0x9C, 0x03, 0xE7, 0xA8, 0x97, 0x03, 0xE6, 0x96, 0x91, 0x03, 0xE7, 0x8F, 0xAD,
    0x03, 0xE6, 0x90, 0xAC, 0x03, 0xE6, 0x89, 0xB3, 0x03, 0xE8, 0x88, 0xAC, 0x03, 0xE9, 0xA2, 0x81,
    0x03, 0xE6, 0x9D, 0xBF, 0x03, 0xE7, 0x89, 0x88, 0x03, 0xE6, 0x89, 0xAE, 0x03, 0xE6, 0x8B, 0x8C,
    0x03, 0xE4, 0xBC, 0xB4, 0x03, 0xE7, 0x93, 0xA3, 0x03, 0xE5, 0x8D, 0x8A, 0x03, 0xE5, 0x8A, 0x9E,
    0x03, 0xE7, 0xBB, 0x8A, 0x06, 0xE7, 0x89, 0x88, 0xE6, 0x9C, 0xAC, 0x03, 0xE9, 0x82, 0xA6, 0x03,
    0xE5, 0xB8, 0xAE, 0x03, 0xE6, 0xA2, 0x86, 0x03, 0xE6, 0xA6, 0x9C, 0x03, 0xE8, 0x86, 0x80, 0x03,
    0xE7, 0xBB, 0x91, 0x03, 0xE6, 0xA3, 0x92, 0x03, 0xE7, 0xA3, 0x85, 0x03, 0xE8, 0x9A, 0x8C, 0x03,
    0xE9, 0x95, 0x91, 0x03, 0xE5, 0x82, 0x8D, 0x03, 0xE8, 0xB0, 0xA4, 0x03, 0xE8, 0x8B, 0x9E, 0x03,
    0xE8, 0x96, 0x84, 0x03, 0xE9, 0x9B, 0xB9, 0x03, 0xE4, 0xBF, 0x9D, 0x03, 0xE5, 0xA0, 0xA1, 0x03,
    0xE9, 0xA5, 0xB1, 0x03, 0xE5, 0xAE, 0x9D, 0x03, 0xE6, 0x8A, 0xB1, 0x03, 0xE6, 0x8A, 0xA5, 0x03,
    0xE6, 0x9A, 0xB4, 0x03, 0xE8, 0xB1, 0xB9, 0x03, 0xE9, 0xB2, 0x8D, 0x03, 0xE7, 0x88, 0x86, 0x06,
    0xE4, 0xBF, 0x9D, 0xE5, 0xAD, 0x98, 0x03, 0xE6, 0x9D, 0xAF, 0x03, 0xE7, 0xA2, 0x91, 0x03, 0xE6,
    0x82, 0xB2, 0x03, 0xE5, 0x8D, 0x91, 0x03, 0xE5, 0x8C, 0x97, 0x03, 0xE8, 0xBE, 0x88, 0x03, 0xE8,
    0x83, 0x8C, 0x03, 0xE8, 0xB4, 0x9D, 0x03, 0xE9, 0x92, 0xA1, 0x03, 0xE5, 0x80, 0x8D, 0x03, 0xE7,
    0x8B, 0x88, 0x03, 0xE5, 0xA4, 0x87, 0x03, 0xE6, 0x83, 0xAB, 0x03, 0xE7, 0x84, 0x99, 0x03, 0xE8,
    0xA2, 0xAB, 0x06, 0xE5, 0xA4, 0x87, 0xE4, 0xBB, 0xBD, 0x03, 0xE5, 0xA5, 0x94, 0x03, 0xE8, 0x8B,
    0xAF, 0x03, 0xE6, 0x9C, 0xAC, 0x03, 0xE7, 0xAC, 0xA8, 0x03, 0xE5, 0xB4, 0xA9, 0x03, 0xE7, 0xBB,
    0xB7, 0x03, 0xE7, 0x94, 0xAD, 0x03, 0xE6, 0xB3, 0xB5, 0x03, 0xE8, 0xB9, 0xA6, 0x03, 0xE8, 0xBF,
    0xB8, 0x03, 0xE9, 0x80, 0xBC, 0x03, 0xE9, 0xBC, 0xBB, 0x03, 0xE6, 0xAF, 0x94, 0x03, 0xE9, 0x84,
    0x99, 0x03, 0xE7, 0xAC, 0x94, 0x03, 0xE5, 0xBD, 0xBC, 0x03, 0xE7, 0xA2, 0xA7, 0x03, 0xE8, 0x93,
    0x96, 0x03, 0xE8, 0x94, 0xBD, 0x03, 0xE6, 0xAF, 0x95, 0x03, 0xE6, 0xAF, 0x99, 0x03, 0xE6, 0xAF,
    0x96, 0x03, 0xE5, 0xB8, 0x81, 0x03, 0xE5, 0xBA, 0x87, 0x03, 0xE7, 0x97, 0xB9, 0x03, 0xE9, 0x97,
    0xAD, 0x03, 0xE6, 0x95, 0x9D, 0x03, 0xE5, 0xBC, 0x8A, 0x03, 0xE5, 0xBF, 0x85, 0x03, 0xE5, 0xA3,
    0x81, 0x03, 0xE8, 0x87, 0x82, 0x03, 0xE9, 0x81, 0xBF, 0x03, 0xE9, 0x99, 0x9B, 0x03, 0xE9, 0x9E,
    0xAD, 0x03, 0xE8, 0xBE, 0xB9, 0x03, 0xE7, 0xBC, 0x96, 0x03, 0xE8, 0xB4, 0xAC, 0x03, 0xE6, 0x89,
    0x81, 0x03, 0xE4, 0xBE, 0xBF, 0x03, 0xE5, 0x8F, 0x98, 0x03, 0xE5, 0x8D, 0x9E, 0x03, 0xE8, 0xBE,
    0xA8, 0x03, 0xE8, 0xBE, 0xA9, 0x03, 0xE8, 0xBE, 0xAB, 0x03, 0xE9, 0x81, 0x8D, 0x06, 0xE7, 0xBC,
    0x96, 0xE8, 0xBE, 0x91, 0x03, 0xE6, 0xA0, 0x87, 0x03, 0xE5, 0xBD, 0xAA, 0x03, 0xE8, 0x86, 0x98,
    0x03, 0xE8, 0xA1, 0xA8, 0x03, 0xE9, 0xB3, 0x96, 0x03, 0xE6, 0x86, 0x8B, 0x03, 0xE5, 0x88, 0xAB,
    0x03, 0xE7, 0x98, 0xAA, 0x03, 0xE5, 0xBD, 0xAC, 0x03, 0xE6, 0x96, 0x8C, 0x03, 0xE6, 0xBF, 0x92,
    0x03, 0xE6, 0xBB, 0xA8, 0x03, 0xE5, 0xAE, 0xBE, 0x03, 0xE6, 0x91, 0x88, 0x03, 0xE5, 0x85, 0xB5,
    0x03, 0xE5, 0x86, 0xB0, 0x03, 0xE6, 0x9F, 0x84, 0x03, 0xE7, 0x97, 0x85, 0x03, 0xE5, 0xB9, 0xB6,
    0x03, 0xE7, 0x8E, 0xBB, 0x03, 0xE8, 0x8F, 0xA0, 0x03, 0xE6, 0x92, 0xAD, 0x03, 0xE6, 0x8B, 0xA8,
    0x03, 0xE9, 0x92, 0xB5, 0x03, 0xE6, 0xB3, 0xA2, 0x03, 0xE5, 0x8D, 0x9A, 0x03, 0xE5, 0x8B, 0x83,
    0x03, 0xE6, 0x90, 0x8F, 0x03, 0xE9, 0x93, 0x82, 0x03, 0xE7, 0xAE, 0x94, 0x03, 0xE4, 0xBC, 0xAF,
    0x03, 0xE5, 0xB8, 0x9B, 0x03, 0xE8, 0x88, 0xB6, 0x03, 0xE8, 0x84, 0x96, 0x03, 0xE8, 0x86, 0x8A,
    0x03, 0xE6, 0xB8, 0xA4, 0x03, 0xE9, 0xA9, 0xB3, 0x03, 0xE5, 0x8D, 0x9C, 0x06, 0xE6, 0x92, 0xAD,
    0xE6, 0x94, 0xBE, 0x03, 0xE6, 0x8D, 0x95, 0x03, 0xE5, 0x93, 0xBA, 0x03, 0xE8, 0xA1, 0xA5, 0x03,
    0xE5, 0x9F, 0xA0, 0x03, 0xE4, 0xB8, 0x8D, 0x03, 0xE5, 0xB8, 0x83, 0x03, 0xE6, 0xAD, 0xA5, 0x03,
    0xE7, 0xB0, 0xBF, 0x03, 0xE9, 0x83, 0xA8, 0x03, 0xE6, 0x80, 0x96, 0x03, 0xE6, 0x93, 0xA6, 0x03,
    0xE7, 0x8C, 0x9C, 0x03, 0xE8, 0xA3, 0x81, 0x03, 0xE6, 0x9D, 0x90, 0x03, 0xE6, 0x89, 0x8D, 0x03,
    0xE8, 0xB4, 0xA2, 0x03, 0xE7, 0x9D, 0xAC, 0x03, 0xE8, 0xB8, 0xA9, 0x03, 0xE9, 0x87, 0x87, 0x03,
    0xE5, 0xBD, 0xA9, 0x03, 0xE8, 0x8F, 0x9C, 0x03, 0xE8, 0x94, 0xA1, 0x03, 0xE9, 0xA4, 0x90, 0x03,
    0xE5, 0x8F, 0x82, 0x03, 0xE8, 0x9A, 0x95, 0x03, 0xE6, 0xAE, 0x8B, 0x03, 0xE6, 0x83, 0xAD, 0x03,
    0xE6, 0x83, 0xA8, 0x03, 0xE7, 0x81, 0xBF, 0x03, 0xE6, 0x8E, 0xBA, 0x03, 0xE8, 0x8B, 0x8D, 0x03,
    0xE8, 0x88, 0xB1, 0x03, 0xE4, 0xBB, 0x93, 0x03, 0xE6, 0xB2, 0xA7, 0x03, 0xE8, 0x97, 0x8F, 0x03,
    0xE6, 0x93, 0x8D, 0x03, 0xE7, 0xB3, 0x99, 0x03, 0xE6, 0xA7, 0xBD, 0x03, 0xE6, 0x9B, 0xB9, 0x03,
    0xE8, 0x8D, 0x89, 0x03, 0xE5, 0x8E, 0x95, 0x03, 0xE7, 0xAD, 0x96, 0x03, 0xE4, 0xBE, 0xA7, 0x03,
    0xE5, 0x86, 0x8C, 0x03, 0xE6, 0xB5, 0x8B, 0x03, 0xE5, 0xB1, 0x82, 0x03, 0xE8, 0xB9, 0xAD, 0x03,
    0xE6, 0x9B, 0xBE, 0x06, 0xE6, 0xB5, 0x8B, 0xE8, 0xAF, 0x95, 0x03, 0xE6, 0x8F, 0x92, 0x03, 0xE5,
    0x8F, 0x89, 0x03, 0xE8, 0x8C, 0xAC, 0x03, 0xE8, 0x8C, 0xB6, 0x03, 0xE6, 0x9F, 0xA5, 0x03, 0xE7,
    0xA2, 0xB4, 0x03, 0xE6, 0x90, 0xBD, 0x03, 0xE5, 0xAF, 0x9F, 0x03, 0xE5, 0xB2, 0x94, 0x03, 0xE5,
    0xB7, 0xAE, 0x03, 0xE8, 0xAF, 0xA7, 0x03, 0xE6, 0x8B, 0x86, 0x03, 0xE6, 0x9F, 0xB4, 0x03, 0xE8,
    0xB1, 0xBA, 0x03, 0xE6, 0x90, 0x80, 0x03, 0xE8, 0x9D, 0x89, 0x03, 0xE9, 0xA6, 0x8B, 0x03, 0xE8,
    0xB0, 0x97, 0x03, 0xE7, 0xBC, 0xA0, 0x03, 0xE9, 0x93, 0xB2, 0x03, 0xE4, 0xBA, 0xA7, 0x03, 0xE5,
    0x8D, 0x95, 0x03, 0xE5, 0x9C, 0xBA, 0x03, 0xE5, 0xB0, 0x9D, 0x03, 0xE5, 0xB8, 0xB8, 0x03, 0xE5,
    0x81, 0xBF, 0x03, 0xE8, 0x82, 0xA0, 0x03, 0xE5, 0x8E, 0x82, 0x03, 0xE6, 0x95, 0x9E, 0x03, 0xE7,
    0x95, 0x85, 0x03, 0xE5, 0x94, 0xB1, 0x03, 0xE5, 0x80, 0xA1, 0x03, 0xE8, 0xB6, 0x85, 0x03, 0xE6,
    0x8A, 0x84, 0x03, 0xE9, 0x92, 0x9E, 0x03, 0xE6, 0x9C, 0x9D, 0x03, 0xE5, 0x98, 0xB2, 0x03, 0xE6,
    0xBD, 0xAE, 0x03, 0xE5, 0xB7, 0xA2, 0x03, 0xE5, 0x90, 0xB5, 0x03, 0xE7, 0x82, 0x92, 0x03, 0xE8,
    0xBD, 0xA6, 0x03, 0xE6, 0x89, 0xAF, 0x03, 0xE6, 0x92, 0xA4, 0x03, 0xE6, 0x8E, 0xA3, 0x03, 0xE5,
    0xBD, 0xBB, 0x03, 0xE6, 0xBE, 0x88, 0x03, 0xE9, 0x83, 0xB4, 0x03, 0xE8, 0x87, 0xA3, 0x03, 0xE8,
    0xBE, 0xB0, 0x03, 0xE5, 0xB0, 0x98, 0x03, 0xE6, 0x99, 0xA8, 0x03, 0xE5, 0xBF, 0xB1, 0x03, 0xE6,
    0xB2, 0x89, 0x03, 0xE9, 0x99, 0x88, 0x03, 0xE8, 0xB6, 0x81, 0x03, 0xE8, 0xA1, 0xAC, 0x03, 0xE6,
    0x92, 0x91, 0x03, 0xE7, 0xA7, 0xB0, 0x03, 0xE5, 0x9F, 0x8E, 0x03, 0xE6, 0xA9, 0x99, 0x03, 0xE6,
    0x88, 0x90, 0x03, 0xE5, 0x91, 0x88, 0x03, 0xE4, 0xB9, 0x98, 0x03, 0xE7, 0xA8, 0x8B, 0x03, 0xE6,
    0x83, 0xA9, 0x03, 0xE6, 0xBE, 0x84, 0x03, 0xE8, 0xAF, 0x9A, 0x03, 0xE6, 0x89, 0xBF, 0x03, 0xE9,
    0x80, 0x9E, 0x03, 0xE9, 0xAA, 0x8B, 0x03, 0xE7, 0xA7, 0xA4, 0x03, 0xE5, 0x90, 0x83, 0x03, 0xE7,
    0x97, 0xB4, 0x03, 0xE6, 0x8C, 0x81, 0x03, 0xE6, 0xB1, 0xA0, 0x03, 0xE8, 0xBF, 0x9F, 0x03, 0xE5,
    0xBC, 0x9B, 0x03, 0xE9, 0xA9, 0xB0, 0x03, 0xE8, 0x80, 0xBB, 0x03, 0xE9, 0xBD, 0xBF, 0x03, 0xE4,
    0xBE, 0x88, 0x03, 0xE5, 0xB0, 0xBA, 0x03, 0xE8, 0xB5, 0xA4, 0x03, 0xE7, 0xBF, 0x85, 0x03, 0xE6,
    0x96, 0xA5, 0x03, 0xE7, 0x82, 0xBD, 0x03, 0xE5, 0x85, 0x85, 0x03, 0xE5, 0x86, 0xB2, 0x03, 0xE8,
    0x99, 0xAB, 0x03, 0xE5, 0xB4, 0x87, 0x03, 0xE5, 0xAE, 0xA0, 0x03, 0xE9, 0x87, 0x8D, 0x03, 0xE6,
    0x8A, 0xBD, 0x03, 0xE9, 0x85, 0xAC, 0x03, 0xE7, 0x95, 0xB4, 0x03, 0xE8, 0xB8, 0x8C, 0x03, 0xE7,
    0xA8, 0xA0, 0x03, 0xE6, 0x84, 0x81, 0x03, 0xE7, 0xAD, 0xB9, 0x03, 0xE4, 0xBB, 0x87, 0x03, 0xE7,
    0xBB, 0xB8, 0x03, 0xE7, 0x9E, 0x85, 0x03, 0xE4, 0xB8, 0x91, 0x03, 0xE8, 0x87, 0xAD, 0x03, 0xE5,
    0x88, 0x9D, 0x03, 0xE5, 0x87, 0xBA, 0x03, 0xE6, 0xA9, 0xB1, 0x03, 0xE5, 0x8E, 0xA8, 0x03, 0xE8,
    0xBA, 0x87, 0x03, 0xE9, 0x94, 0x84, 0x03, 0xE7, 0xA1, 0x80, 0x03, 0xE5, 0x82, 0xA8, 0x03, 0xE7,
    0x9F, 0x97, 0x03, 0xE6, 0x90, 0x90, 0x03, 0xE8, 0xA7, 0xA6, 0x03, 0xE5, 0xA4, 0x84, 0x03, 0xE7,
    0x95, 0x9C, 0x03, 0xE6, 0x8F, 0xA3, 0x03, 0xE5, 0xB7, 0x9D, 0x03, 0xE7, 0xA9, 0xBF, 0x03, 0xE6,
    0xA4, 0xBD, 0x03, 0xE4, 0xBC, 0xA0, 0x03, 0xE8, 0x88, 0xB9, 0x03, 0xE5, 0x96, 0x98, 0x03, 0xE4,
    0xB8, 0xB2, 0x03, 0xE7, 0x96, 0xAE, 0x03, 0xE7, 0xAA, 0x97, 0x03, 0xE5, 0xB9, 0xA2, 0x03, 0xE5,
    0xBA, 0x8A, 0x03, 0xE9, 0x97, 0xAF, 0x03, 0xE5, 0x88, 0x9B, 0x03, 0xE5, 0x90, 0xB9, 0x03, 0xE7,
    0x82, 0x8A, 0x03, 0xE6, 0x8D, 0xB6, 0x03, 0xE9, 0x94, 0xA4, 0x03, 0xE5, 0x9E, 0x82, 0x03, 0xE6,
    0xA4, 0x8E, 0x06, 0xE8, 0xA7, 0xA6, 0xE6, 0x91, 0xB8, 0x03, 0xE6, 0x98, 0xA5, 0x03, 0xE6, 0xA4,
    0xBF, 0x03, 0xE9, 0x86, 0x87, 0x03, 0xE5, 0x94, 0x87, 0x03, 0xE6, 0xB7, 0xB3, 0x03, 0xE7, 0xBA,
    0xAF, 0x03, 0xE8, 0xA0, 0xA2, 0x03, 0xE6, 0x88, 0xB3, 0x03, 0xE7, 0xBB, 0xB0, 0x03, 0xE7, 0x96,
    0xB5, 0x03, 0xE8, 0x8C, 0xA8, 0x03, 0xE7, 0xA3, 0x81, 0x03, 0xE9, 0x9B, 0x8C, 0x03, 0xE8, 0xBE,
    0x9E, 0x03, 0xE6, 0x85, 0x88, 0x03, 0xE7, 0x93, 0xB7, 0x03, 0xE8, 0xAF, 0x8D, 0x03, 0xE6, 0xAD,
    0xA4, 0x03, 0xE5, 0x88, 0xBA, 0x03, 0xE8, 0xB5, 0x90, 0x03, 0xE6, 0xAC, 0xA1, 0x03, 0xE4, 0xBC,
    0xBA, 0x06, 0xE7, 0xA3, 0x81, 0xE7, 0x9B, 0x98, 0x03, 0xE8, 0x81, 0xAA, 0x03, 0xE8, 0x91, 0xB1,
    0x03, 0xE5, 0x9B, 0xB1, 0x03, 0xE5, 0x8C, 0x86, 0x03, 0xE4, 0xBB, 0x8E, 0x03, 0xE4, 0xB8, 0x9B,
    0x03, 0xE5, 0x87, 0x91, 0x03, 0xE7, 0xB2, 0x97, 0x03, 0xE9, 0x86, 0x8B, 0x03, 0xE7, 0xB0, 0x87,
    0x03, 0xE4, 0xBF, 0x83, 0x03, 0xE8, 0xB9, 0xBF, 0x03, 0xE7, 0xAF, 0xA1, 0x03, 0xE7, 0xAA, 0x9C,
    0x03, 0xE6, 0x94, 0x92, 0x03, 0xE6, 0x91, 0xA7, 0x03, 0xE5, 0xB4, 0x94, 0x03, 0xE5, 0x82, 0xAC,
    0x03, 0xE8, 0x84, 0x86, 0x03, 0xE7, 0x98, 0x81, 0x03, 0xE7, 0xB2, 0xB9, 0x03, 0xE6, 0xB7, 0xAC,
    0x03, 0xE7, 0xBF, 0xA0, 0x03, 0xE6, 0x9D, 0x91, 0x03, 0xE5, 0xAD, 0x98, 0x03, 0xE5, 0xAF, 0xB8,
    0x06, 0xE5, 0xAD, 0x98, 0xE5, 0x82, 0xA8, 0x03, 0xE7, 0xA3, 0x8B, 0x03, 0xE6, 0x92, 0xAE, 0x03,
    0xE6, 0x90, 0x93, 0x03, 0xE6, 0x8E, 0xAA, 0x03, 0xE6, 0x8C, 0xAB, 0x03, 0xE9, 0x94, 0x99, 0x06,
    0xE9, 0x94, 0x99, 0xE8, 0xAF, 0xAF, 0x03, 0xE6, 0x90, 0xAD, 0x03, 0xE8, 0xBE, 0xBE, 0x03, 0xE7,
    0xAD, 0x94, 0x03, 0xE7, 0x98, 0xA9, 0x03, 0xE6, 0x89, 0x93, 0x03, 0xE5, 0xA4, 0xA7, 0x03, 0xE5,
    0xA4, 0xA7, 0x03, 0xE5, 0x91, 0x86, 0x03, 0xE6, 0xAD, 0xB9, 0x03, 0xE5, 0x82, 0xA3, 0x03, 0xE6,
    0x88, 0xB4, 0x03, 0xE5, 0xB8, 0xA6, 0x03, 0xE6, 0xAE, 0x86, 0x03, 0xE4, 0xBB, 0xA3, 0x03, 0xE6,
    0x80, 0xA0, 0x06, 0xE6, 0x89, 0x93, 0xE5, 0xBC, 0x80, 0x03, 0xE8, 0x80, 0xBD, 0x03, 0xE6, 0x8B,
    0x85, 0x03, 0xE4, 0xB8, 0xB9, 0x03, 0xE5, 0x8D, 0x95, 0x03, 0xE9, 0x83, 0xB8, 0x03, 0xE6, 0x8E,
    0xB8, 0x03, 0xE8, 0x83, 0x86, 0x03, 0xE6, 0x97, 0xA6, 0x03, 0xE6, 0xB0, 0xAE, 0x03, 0xE4, 0xBD,
    0x86, 0x03, 0xE6, 0x83, 0xAE, 0x03, 0xE6, 0xB7, 0xA1, 0x03, 0xE8, 0xAF, 0x9E, 0x03, 0xE5, 0xBC,
    0xB9, 0x03, 0xE8, 0x9B, 0x8B, 0x03, 0xE7, 0x9F, 0xB3, 0x03, 0xE5, 0xBD, 0x93, 0x03, 0xE6, 0x8C,
    0xA1, 0x03, 0xE5, 0x85, 0x9A, 0x03, 0xE8, 0x8D, 0xA1, 0x03, 0xE6, 0xA1, 0xA3, 0x03, 0xE5, 0x88,
    0x80, 0x03, 0xE6, 0x8D, 0xA3, 0x03, 0xE8, 0xB9, 0x88, 0x03, 0xE5, 0x80, 0x92, 0x03, 0xE5, 0xB2,
    0x9B, 0x03, 0xE7, 0xA5, 0xB7, 0x03, 0xE5, 0xAF, 0xBC, 0x03, 0xE5, 0x88, 0xB0, 0x03, 0xE7, 0xA8,
    0xBB, 0x03, 0xE6, 0x82, 0xBC, 0x03, 0xE9, 0x81, 0x93, 0x03, 0xE7, 0x9B, 0x97, 0x03, 0xE5, 0xBE,
    0xB7, 0x03, 0xE5, 0xBE, 0x97, 0x03, 0xE7, 0x9A, 0x84, 0x03, 0xE5, 0x9C, 0xB0, 0x03, 0xE5, 0xBE,
    0x97, 0x03, 0xE8, 0xB9, 0xAC, 0x03, 0xE7, 0x81, 0xAF, 0x03, 0xE7, 0x99, 0xBB, 0x03, 0xE7, 0xAD,
    0x89, 0x03, 0xE7, 0x9E, 0xAA, 0x03, 0xE5, 0x87, 0xB3, 0x03, 0xE9, 0x82, 0x93, 0x06, 0xE7, 0x99,
    0xBB, 0xE5, 0xBD, 0x95, 0x06, 0xE5, 0x9C, 0xB0, 0xE5, 0x9B, 0xBE, 0x06, 0xE5, 0x9C, 0xB0, 0xE5,
    0x9D, 0x80, 0x03, 0xE5, 0xA0, 0xA4, 0x03, 0xE4, 0xBD, 0x8E, 0x03, 0xE6, 0xBB, 0xB4, 0x03, 0xE8,
    0xBF, 0xAA, 0x03, 0xE6, 0x95, 0x8C, 0x03, 0xE7, 0xAC, 0x9B, 0x03, 0xE7, 0x8B, 0x84, 0x03, 0xE6,
    0xB6, 0xA4, 0x03, 0xE7, 0xBF, 0x9F, 0x03, 0xE5, 0xAB, 0xA1, 0x03, 0xE6, 0x8A, 0xB5, 0x03, 0xE5,
    0xBA, 0x95, 0x03, 0xE5, 0x9C, 0xB0, 0x03, 0xE8, 0x92, 0x82, 0x03, 0xE7, 0xAC, 0xAC, 0x03, 0xE5,
    0xB8, 0x9D, 0x03, 0xE5, 0xBC, 0x9F, 0x03, 0xE9, 0x80, 0x92, 0x03, 0xE7, 0xBC, 0x94, 0x03, 0xE9,
    0xA2, 0xA0, 0x03, 0xE6, 0x8E, 0x82, 0x03, 0xE6, 0xBB, 0x87, 0x03, 0xE7, 0xA2, 0x98, 0x03, 0xE7,
    0x82, 0xB9, 0x03, 0xE5, 0x85, 0xB8, 0x03, 0xE9, 0x9D, 0x9B, 0x03, 0xE5, 0x9E, 0xAB, 0x03, 0xE7,
    0x94, 0xB5, 0x03, 0xE4, 0xBD, 0x83, 0x03, 0xE7, 0x94, 0xB8, 0x03, 0xE5, 0xBA, 0x97, 0x03, 0xE6,
    0x83, 0xA6, 0x03, 0xE5, 0xA5, 0xA0, 0x03, 0xE6, 0xB7, 0x80, 0x03, 0xE6, 0xAE, 0xBF, 0x06, 0xE7,
    0x94, 0xB5, 0xE5, 0x8E, 0x8B, 0x03, 0xE7, 0xA2, 0x89, 0x03, 0xE5, 0x8F, 0xBC, 0x03, 0xE9, 0x9B,
    0x95, 0x03, 0xE5, 0x87, 0x8B, 0x03, 0xE5, 0x88, 0x81, 0x03, 0xE6, 0x8E, 0x89, 0x03, 0xE5, 0x90,
    0x8A, 0x03, 0xE9, 0x92, 0x93, 0x03, 0xE8, 0xB0, 0x83, 0x03, 0xE8, 0xB7, 0x8C, 0x03, 0xE7, 0x88,
    0xB9, 0x03, 0xE7, 0xA2, 0x9F, 0x03, 0xE4, 0xB8, 0x81, 0x03, 0xE7, 0x9B, 0xAF, 0x03, 0xE5, 0x8F,
    0xAE, 0x03, 0xE9, 0x92, 0x89, 0x03, 0xE9, 0xA1, 0xB6, 0x03, 0xE9, 0xBC, 0x8E, 0x03, 0xE9, 0x94,
    0xAD, 0x03, 0xE5, 0xAE, 0x9A, 0x03, 0xE8, 0xAE, 0xA2, 0x06, 0xE5, 0x9C, 0xB0, 0xE5, 0x9B, 0xBE,
    0x03, 0xE4, 0xB8, 0xA2, 0x06, 0xE5, 0x9C, 0xB0, 0xE5, 0x9D, 0x80, 0x03, 0xE4, 0xB8, 0x9C, 0x03,
    0xE5, 0x86, 0xAC, 0x03, 0xE8, 0x91, 0xA3, 0x03, 0xE6, 0x87, 0x82, 0x03, 0xE5, 0x8A, 0xA8, 0x03,
    0xE6, 0xA0, 0x8B, 0x03, 0xE4, 0xBE, 0x97, 0x03, 0xE6, 0x81, 0xAB, 0x03, 0xE5, 0x86, 0xBB, 0x03,
    0xE6, 0xB4, 0x9E, 0x03, 0xE5, 0x85, 0x9C, 0x03, 0xE6, 0x8A, 0x96, 0x03, 0xE6, 0x96, 0x97, 0x03,
    0xE9, 0x99, 0xA1, 0x03, 0xE8, 0xB1, 0x86, 0x03, 0xE9, 0x80, 0x97, 0x03, 0xE7, 0x97, 0x98, 0x03,
    0xE9, 0x83, 0xBD, 0x03, 0xE8, 0xAF, 0xBB, 0x03, 0xE7, 0x9D, 0xA3, 0x03, 0xE6, 0xAF, 0x92, 0x03,
    0xE7, 0x8A, 0x8A, 0x03, 0xE7, 0x8B, 0xAC, 0x03, 0xE8, 0xAF, 0xBB, 0x03, 0xE5, 0xA0, 0xB5, 0x03,
    0xE7, 0x9D, 0xB9, 0x03, 0xE8, 0xB5, 0x8C, 0x03, 0xE6, 0x9D, 0x9C, 0x03, 0xE9, 0x95, 0x80, 0x03,
    0xE8, 0x82, 0x9A, 0x03, 0xE5, 0xBA, 0xA6, 0x03, 0xE6, 0xB8, 0xA1, 0x03, 0xE5, 0xA6, 0x92, 0x03,
    0xE7, 0xAB, 0xAF, 0x03, 0xE7, 0x9F, 0xAD, 0x03, 0xE9, 0x94, 0xBB, 0x03, 0xE6, 0xAE, 0xB5, 0x03,
    0xE6, 0x96, 0xAD, 0x03, 0xE7, 0xBC, 0x8E, 0x03, 0xE5, 0xA0, 0x86, 0x03, 0xE5, 0x85, 0x91, 0x03,
    0xE9, 0x98, 0x9F, 0x03, 0xE5, 0xAF, 0xB9, 0x03, 0xE5, 0xA2, 0xA9, 0x03, 0xE5, 0x90, 0xA8, 0x03,
    0xE8, 0xB9, 0xB2, 0x03, 0xE6, 0x95, 0xA6, 0x03, 0xE9, 0xA1, 0xBF, 0x03, 0xE5, 0x9B, 0xA4, 0x03,
    0xE9, 0x92, 0x9D, 0x03, 0xE7, 0x9B, 0xBE, 0x03, 0xE9, 0x81, 0x81, 0x03, 0xE5, 0xBA, 0xA6, 0x03,
    0xE6, 0x8E, 0x87, 0x03, 0xE5, 0x93, 0x86, 0x03, 0xE5, 0xA4, 0x9A, 0x03, 0xE5, 0xA4, 0xBA, 0x03,
    0xE5, 0x9E, 0x9B, 0x03, 0xE8, 0xBA, 0xB2, 0x03, 0xE6, 0x9C, 0xB5, 0x03, 0xE8, 0xB7, 0xBA, 0x03,
    0xE8, 0x88, 0xB5, 0x03, 0xE5, 0x89, 0x81, 0x03, 0xE6, 0x83, 0xB0, 0x03, 0xE5, 0xA0, 0x95, 0x03,
    0xE8, 0x9B, 0xBE, 0x03, 0xE5, 0xB3, 0xA8, 0x03, 0xE9, 0xB9, 0x85, 0x03, 0xE4, 0xBF, 0x84, 0x03,
    0xE9, 0xA2, 0x9D, 0x03, 0xE8, 0xAE, 0xB9, 0x03, 0xE5, 0xA8, 0xA5, 0x03, 0xE6, 0x81, 0xB6, 0x03,
    0xE5, 0x8E, 0x84, 0x03, 0xE6, 0x89, 0xBC, 0x03, 0xE9, 0x81, 0x8F, 0x03, 0xE9, 0x84, 0x82, 0x03,
    0xE9, 0xA5, 0xBF, 0x03, 0xE6, 0x81, 0xA9, 0x03, 0xE8, 0x80, 0x8C, 0x03, 0xE5, 0x84, 0xBF, 0x03,
    0xE8, 0x80, 0xB3, 0x03, 0xE8, 0xB4, 0xB0, 0x03, 0xE5, 0x8F, 0x91, 0x03, 0xE7, 0xBD, 0x9A, 0x03,
    0xE7, 0xAD, 0x8F, 0x03, 0xE4, 0xBC, 0x90, 0x03, 0xE4, 0xB9, 0x8F, 0x03, 0xE9, 0x98, 0x80, 0x03,
    0xE6, 0xB3, 0x95, 0x03, 0xE7, 0x8F, 0x90, 0x03, 0xE8, 0x97, 0xA9, 0x03, 0xE5, 0xB8, 0x86, 0x03,
    0xE7, 0x95, 0xAA, 0x03, 0xE7, 0xBF, 0xBB, 0x03, 0xE6, 0xA8, 0x8A, 0x03, 0xE7, 0x9F, 0xBE, 0x03,
    0xE9, 0x92, 0x92, 0x03, 0xE7, 0xB9, 0x81, 0x03, 0xE5, 0x87, 0xA1, 0x03, 0xE7, 0x83, 0xA6, 0x03,
    0xE5, 0x8F, 0x8D, 0x03, 0xE8, 0xBF, 0x94, 0x03, 0xE8, 0x8C, 0x83, 0x03, 0xE8, 0xB4, 0xA9, 0x03,
    0xE7, 0x8A, 0xAF, 0x03, 0xE9, 0xA5, 0xAD, 0x03, 0xE6, 0xB3, 0x9B, 0x03, 0xE5, 0x9D, 0x8A, 0x03,
    0xE8, 0x8A, 0xB3, 0x03, 0xE6, 0x96, 0xB9, 0x03, 0xE8, 0x82, 0xAA, 0x03, 0xE6, 0x88, 0xBF, 0x03,
    0xE9, 0x98, 0xB2, 0x03, 0xE5, 0xA6, 0xA8, 0x03, 0xE4, 0xBB, 0xBF, 0x03, 0xE8, 0xAE, 0xBF, 0x03,
    0xE7, 0xBA, 0xBA, 0x03, 0xE6, 0x94, 0xBE, 0x06, 0xE8, 0xBF, 0x94, 0xE5, 0x9B, 0x9E, 0x03, 0xE8,
    0x8F, 0xB2, 0x03, 0xE9, 0x9D, 0x9E, 0x03, 0xE5, 0x95, 0xA1, 0x03, 0xE9, 0xA3, 0x9E, 0x03, 0xE8,
    0x82, 0xA5, 0x03, 0xE5, 0x8C, 0xAA, 0x03, 0xE8, 0xAF, 0xBD, 0x03, 0xE5, 0x90, 0xA0, 0x03, 0xE8,
    0x82, 0xBA, 0x03, 0xE5, 0xBA, 0x9F, 0x03, 0xE6, 0xB2, 0xB8, 0x03, 0xE8, 0xB4, 0xB9, 0x03, 0xE8,
    0x8A, 0xAC, 0x03, 0xE9, 0x85, 0x9A, 0x03, 0xE5, 0x90, 0xA9, 0x03, 0xE6, 0xB0, 0x9B, 0x03, 0xE5,
    0x88, 0x86, 0x03, 0xE7, 0xBA, 0xB7, 0x03, 0xE5, 0x9D, 0x9F, 0x03, 0xE7, 0x84, 0x9A, 0x03, 0xE6,
    0xB1, 0xBE, 0x03, 0xE7, 0xB2, 0x89, 0x03, 0xE5, 0xA5, 0x8B, 0x03, 0xE4, 0xBB, 0xBD, 0x03, 0xE5,
    0xBF, 0xBF, 0x03, 0xE6, 0x84, 0xA4, 0x03, 0xE7, 0xB2, 0xAA, 0x03, 0xE4, 0xB8, 0xB0, 0x03, 0xE5,
    0xB0, 0x81, 0x03, 0xE6, 0x9E, 0xAB, 0x03, 0xE8, 0x9C, 0x82, 0x03, 0xE5, 0xB3, 0xB0, 0x03, 0xE9,
    0x94, 0x8B, 0x03, 0xE9, 0xA3, 0x8E, 0x03, 0xE7, 0x96, 0xAF, 0x03, 0xE7, 0x83, 0xBD, 0x03, 0xE9,
    0x80, 0xA2, 0x03, 0xE5, 0x86, 0xAF, 0x03, 0xE7, 0xBC, 0x9D, 0x03, 0xE8, 0xAE, 0xBD, 0x03, 0xE5,
    0xA5, 0x89, 0x03, 0xE5, 0x87, 0xA4, 0x06, 0xE5, 0x88, 0x86, 0xE5, 0x8C, 0xBA, 0x06, 0xE5, 0x88,
    0x86, 0xE5, 0x8C, 0xBA, 0x03, 0xE5, 0x90, 0xA6, 0x03, 0xE4, 0xBD, 0x9B, 0x03, 0xE5, 0xA4, 0xAB,
    0x03, 0xE6, 0x95, 0xB7, 0x03, 0xE8, 0x82, 0xA4, 0x03, 0xE5, 0xAD, 0xB5, 0x03, 0xE6, 0x89, 0xB6,
    0x03, 0xE6, 0x8B, 0x82, 0x03, 0xE8, 0xBE, 0x90, 0x03, 0xE5, 0xB9, 0x85, 0x03, 0xE6, 0xB0, 0x9F,
    0x03, 0xE6, 0xB5, 0xAE, 0x03, 0xE6, 0xB6, 0xAA, 0x03, 0xE7, 0xA6, 0x8F, 0x03, 0xE8, 0xA2, 0xB1,
    0x03, 0xE5, 0xBC, 0x97, 0x03, 0xE7, 0x94, 0xAB, 0x03, 0xE6, 0x8A, 0x9A, 0x03, 0xE8, 0xBE, 0x85,
    0x03, 0xE4, 0xBF, 0xAF, 0x03, 0xE9, 0x87, 0x9C, 0x03, 0xE6, 0x96, 0xA7, 0x03, 0xE8, 0x85, 0x91,
    0x03, 0xE5, 0xBA, 0x9C, 0x03, 0xE8, 0x85, 0x90, 0x06, 0xE5, 0xA4, 0x8D, 0xE5, 0x88, 0xB6, 0x03,
    0xE5, 0x99, 0xB6, 0x03, 0xE5, 0x98, 0x8E, 0x03, 0xE5, 0xA4, 0xB9, 0x03, 0xE8, 0xAF, 0xA5, 0x03,
    0xE6, 0x94, 0xB9, 0x03, 0xE6, 0xA6, 0x82, 0x03, 0xE9, 0x92, 0x99, 0x03, 0xE7, 0x9B, 0x96, 0x03,
    0xE6, 0xBA, 0x89, 0x03, 0xE5, 0xB9, 0xB2, 0x03, 0xE7, 0x94, 0x98, 0x03, 0xE6, 0x9D, 0x86, 0x03,
    0xE6, 0x9F, 0x91, 0x03, 0xE7, 0xAB, 0xBF, 0x03, 0xE8, 0x82, 0x9D, 0x03, 0xE8, 0xB5, 0xB6, 0x03,
    0xE6, 0x84, 0x9F, 0x03, 0xE7, 0xA7, 0x86, 0x03, 0xE6, 0x95, 0xA2, 0x03, 0xE8, 0xB5, 0xA3, 0x03,
    0xE5, 0x86, 0x88, 0x03, 0xE5, 0x88, 0x9A, 0x03, 0xE9, 0x92, 0xA2, 0x03, 0xE7, 0xBC, 0xB8, 0x03,
    0xE8, 0x82, 0x9B, 0x03, 0xE7, 0xBA, 0xB2, 0x03, 0xE5, 0xB2, 0x97, 0x03, 0xE6, 0xB8, 0xAF, 0x03,
    0xE6, 0x9D, 0xA0, 0x03, 0xE7, 0xAF, 0x99, 0x03, 0xE7, 0x9A, 0x8B, 0x03, 0xE9, 0xAB, 0x98, 0x03,
    0xE8, 0x86, 0x8F, 0x03, 0xE7, 0xBE, 0x94, 0x03, 0xE7, 0xB3, 0x95, 0x03, 0xE6, 0x90, 0x9E, 0x03,
    0xE9, 0x95, 0x90, 0x03, 0xE7, 0xA8, 0xBF, 0x03, 0xE5, 0x91, 0x8A, 0x03, 0xE5, 0x93, 0xA5, 0x03,
    0xE6, 0xAD, 0x8C, 0x03, 0xE6, 0x90, 0x81, 0x03, 0xE6, 0x88, 0x88, 0x03, 0xE9, 0xB8, 0xBD, 0x03,
    0xE8, 0x83, 0xB3, 0x03, 0xE7, 0x96, 0x99, 0x03, 0xE5, 0x89, 0xB2, 0x03, 0xE9, 0x9D, 0xA9, 0x03,
    0xE8, 0x91, 0x9B, 0x03, 0xE6, 0xA0, 0xBC, 0x03, 0xE9, 0x98, 0x81, 0x03, 0xE9, 0x9A, 0x94, 0x03,
    0xE9, 0x93, 0xAC, 0x03, 0xE4, 0xB8, 0xAA, 0x03, 0xE5, 0x90, 0x84, 0x03, 0xE5, 0x92, 0xAF, 0x03,
    0xE7, 0xBB, 0x99, 0x03, 0xE6, 0xA0, 0xB9, 0x03, 0xE8, 0xB7, 0x9F, 0x03, 0xE5, 0x9F, 0x82, 0x03,
    0xE8, 0x80, 0xBF, 0x03, 0xE6, 0xA2, 0x97, 0x06, 0xE6, 0xAD, 0x8C, 0xE6, 0x9B, 0xB2, 0x03, 0xE5,
    0xB7, 0xA5, 0x03, 0xE6, 0x94, 0xBB, 0x03, 0xE5, 0x8A, 0x9F, 0x03, 0xE6, 0x81, 0xAD, 0x03, 0xE9,
    0xBE, 0x9A, 0x03, 0xE4, 0xBE, 0x9B, 0x03, 0xE8, 0xBA, 0xAC, 0x03, 0xE5, 0x85, 0xAC, 0x03, 0xE5,
    0xAE, 0xAB, 0x03, 0xE5, 0xBC, 0x93, 0x03, 0xE5, 0xB7, 0xA9, 0x03, 0xE6, 0xB1, 0x9E, 0x03, 0xE6,
    0x8B, 0xB1, 0x03, 0xE8, 0xB4, 0xA1, 0x03, 0xE5, 0x85, 0xB1, 0x03, 0xE9, 0x92, 0xA9, 0x03, 0xE5,
    0x8B, 0xBE, 0x03, 0xE6, 0xB2, 0x9F, 0x03, 0xE8, 0x8B, 0x9F, 0x03, 0xE7, 0x8B, 0x97, 0x03, 0xE5,
    0x9E, 0xA2, 0x03, 0xE6, 0x9E, 0x84, 0x03, 0xE8, 0xB4, 0xAD, 0x03, 0xE5, 0xA4, 0x9F, 0x03, 0xE8,
    0xBE, 0x9C, 0x03, 0xE8, 0x8F, 0x87, 0x03, 0xE5, 0x92, 0x95, 0x03, 0xE7, 0xAE, 0x8D, 0x03, 0xE4,
    0xBC, 0xB0, 0x03, 0xE6, 0xB2, 0xBD, 0x03, 0xE5, 0xAD, 0xA4, 0x03, 0xE5, 0xA7, 0x91, 0x03, 0xE9,
    0xBC, 0x93, 0x03, 0xE5, 0x8F, 0xA4, 0x03, 0xE8, 0x9B, 0x8A, 0x03, 0xE9, 0xAA, 0xA8, 0x03, 0xE8,
    0xB0, 0xB7, 0x03, 0xE8, 0x82, 0xA1, 0x03, 0xE6, 0x95, 0x85, 0x03, 0xE9, 0xA1, 0xBE, 0x03, 0xE5,
    0x9B, 0xBA, 0x03, 0xE9, 0x9B, 0x87, 0x03, 0xE5, 0x88, 0xAE, 0x03, 0xE7, 0x93, 0x9C, 0x03, 0xE5,
    0x89, 0x90, 0x03, 0xE5, 0xAF, 0xA1, 0x03, 0xE6, 0x8C, 0x82, 0x03, 0xE8, 0xA4, 0x82, 0x03, 0xE4,
    0xB9, 0x96, 0x03, 0xE6, 0x8B, 0x90, 0x03, 0xE6, 0x80, 0xAA, 0x03, 0xE6, 0xA3, 0xBA, 0x03, 0xE5,
    0x85, 0xB3, 0x03, 0xE5, 0xAE, 0x98, 0x03, 0xE5, 0x86, 0xA0, 0x03, 0xE8, 0xA7, 0x82, 0x03, 0xE7,
    0xAE, 0xA1, 0x03, 0xE9, 0xA6, 0x86, 0x03, 0xE7, 0xBD, 0x90, 0x03, 0xE6, 0x83, 0xAF, 0x03, 0xE7,
    0x81, 0x8C, 0x03, 0xE8, 0xB4, 0xAF, 0x06, 0xE5, 0x85, 0xB3, 0xE9, 0x97, 0xAD, 0x03, 0xE5, 0x85,
    0x89, 0x03, 0xE5, 0xB9, 0xBF, 0x03, 0xE9, 0x80, 0x9B, 0x06, 0xE5, 0x85, 0xB3, 0xE6, 0x9C, 0xBA,
    0x03, 0xE7, 0x91, 0xB0, 0x03, 0xE8, 0xA7, 0x84, 0x03, 0xE5, 0x9C, 0xAD, 0x03, 0xE7, 0xA1, 0x85,
    0x03, 0xE5, 0xBD, 0x92, 0x03, 0xE9, 0xBE, 0x9F, 0x03, 0xE9, 0x97, 0xBA, 0x03, 0xE8, 0xBD, 0xA8,
    0x03, 0xE9, 0xAC, 0xBC, 0x03, 0xE8, 0xAF, 0xA1, 0x03, 0xE7, 0x99, 0xB8, 0x03, 0xE6, 0xA1, 0x82,
    0x03, 0xE6, 0x9F, 0x9C, 0x03, 0xE8, 0xB7, 0xAA, 0x03, 0xE8, 0xB4, 0xB5, 0x03, 0xE5, 0x88, 0xBD,
    0x03, 0xE7, 0x82, 0x94, 0x06, 0xE5, 0x9B, 0xBA, 0xE4, 0xBB, 0xB6, 0x03, 0xE8, 0xBE, 0x8A, 0x03,
    0xE6, 0xBB, 0x9A, 0x03, 0xE6, 0xA3, 0x8D, 0x03, 0xE9, 0x94, 0x85, 0x03, 0xE9, 0x83, 0xAD, 0x03,
    0xE5, 0x9B, 0xBD, 0x03, 0xE8, 0x9B, 0xA4, 0x03, 0xE9, 0xAA, 0xB8, 0x03, 0xE5, 0xAD, 0xA9, 0x03,
    0xE6, 0xB5, 0xB7, 0x03, 0xE6, 0xB0, 0xA6, 0x03, 0xE4, 0xBA, 0xA5, 0x03, 0xE5, 0xAE, 0xB3, 0x03,
    0xE9, 0xAA, 0x87, 0x03, 0xE8, 0xBF, 0x98, 0x03, 0xE9, 0x85, 0xA3, 0x03, 0xE6, 0x86, 0xA8, 0x03,
    0xE9, 0x82, 0xAF, 0x03, 0xE9, 0x9F, 0xA9, 0x03, 0xE5, 0x90, 0xAB, 0x03, 0xE6, 0xB6, 0xB5, 0x03,
    0xE5, 0xAF, 0x92, 0x03, 0xE5, 0x87, 0xBD, 0x03, 0xE5, 0x96, 0x8A, 0x03, 0xE7, 0xBD, 0x95, 0x03,
    0xE7, 0xBF, 0xB0, 0x03, 0xE6, 0x92, 0xBC, 0x03, 0xE6, 0x8D, 0x8D, 0x03, 0xE6, 0x97, 0xB1, 0x03,
    0xE6, 0x86, 0xBE, 0x03, 0xE6, 0x82, 0x8D, 0x03, 0xE7, 0x84, 0x8A, 0x03, 0xE6, 0xB1, 0x97, 0x03,
    0xE6, 0xB1, 0x89, 0x03, 0xE5, 0xA4, 0xAF, 0x03, 0xE6, 0x9D, 0xAD, 0x03, 0xE8, 0x88, 0xAA, 0x03,
    0xE8, 0xA1, 0x8C, 0x03, 0xE5, 0xA3, 0x95, 0x03, 0xE5, 0x9A, 0x8E, 0x03, 0xE8, 0xB1, 0xAA, 0x03,
    0xE6, 0xAF, 0xAB, 0x03, 0xE9, 0x83, 0x9D, 0x03, 0xE5, 0xA5, 0xBD, 0x03, 0xE8, 0x80, 0x97, 0x03,
    0xE5, 0x8F, 0xB7, 0x03, 0xE6, 0xB5, 0xA9, 0x03, 0xE8, 0xB2, 0x89, 0x03, 0xE5, 0x91, 0xB5, 0x03,
    0xE5, 0x96, 0x9D, 0x03, 0xE8, 0x8D, 0xB7, 0x03, 0xE8, 0x8F, 0x8F, 0x03, 0xE6, 0xA0, 0xB8, 0x03,
    0xE7, 0xA6, 0xBE, 0x03, 0xE5, 0x92, 0x8C, 0x03, 0xE4, 0xBD, 0x95, 0x03, 0xE5, 0x90, 0x88, 0x03,
    0xE7, 0x9B, 0x92, 0x03, 0xE9, 0x98, 0x82, 0x03, 0xE6, 0xB2, 0xB3, 0x03, 0xE6, 0xB6, 0xB8, 0x03,
    0xE8, 0xB5, 0xAB, 0x03, 0xE8, 0xA4, 0x90, 0x03, 0xE9, 0xB9, 0xA4, 0x03, 0xE8, 0xB4, 0xBA, 0x03,
    0xE5, 0x90, 0x93, 0x03, 0xE5, 0x98, 0xBF, 0x03, 0xE9, 0xBB, 0x91, 0x03, 0xE7, 0x97, 0x95, 0x03,
    0xE5, 0xBE, 0x88, 0x03, 0xE7, 0x8B, 0xA0, 0x03, 0xE6, 0x81, 0xA8, 0x03, 0xE5, 0x93, 0xBC, 0x03,
    0xE4, 0xBA, 0xA8, 0x03, 0xE6, 0xA8, 0xAA, 0x03, 0xE8, 0xA1, 0xA1, 0x03, 0xE6, 0x81, 0x92, 0x03,
    0xE8, 0xBD, 0xB0, 0x03, 0xE5, 0x93, 0x84, 0x03, 0xE7, 0x83, 0x98, 0x03, 0xE8, 0x99, 0xB9, 0x03,
    0xE9, 0xB8, 0xBF, 0x03, 0xE6, 0xB4, 0xAA, 0x03, 0xE5, 0xAE, 0x8F, 0x03, 0xE5, 0xBC, 0x98, 0x03,
    0xE7, 0xBA, 0xA2, 0x03, 0xE5, 0x96, 0x89, 0x03, 0xE4, 0xBE, 0xAF, 0x03, 0xE7, 0x8C, 0xB4, 0x03,
    0xE5, 0x90, 0xBC, 0x03, 0xE5, 0x8E, 0x9A, 0x03, 0xE5, 0x80, 0x99, 0x03, 0xE5, 0x90, 0x8E, 0x03,
    0xE5, 0x91, 0xBC, 0x03, 0xE4, 0xB9, 0x8E, 0x03, 0xE5, 0xBF, 0xBD, 0x03, 0xE7, 0x91, 0x9A, 0x03,
    0xE5, 0xA3, 0xB6, 0x03, 0xE8, 0x91, 0xAB, 0x03, 0xE8, 0x83, 0xA1, 0x03, 0xE5, 0xBC, 0xA7, 0x03,
    0xE8, 0x99, 0x8E, 0x03, 0xE5, 0x94, 0xAC, 0x03, 0xE6, 0x8A, 0xA4, 0x03, 0xE4, 0xBA, 0x92, 0x03,
    0xE6, 0xB2, 0xAA, 0x03, 0xE6, 0x88, 0xB7, 0x03, 0xE8, 0x8A, 0xB1, 0x03, 0xE5, 0x93, 0x97, 0x03,
    0xE5, 0x8D, 0x8E, 0x03, 0xE7, 0x8C, 0xBE, 0x03, 0xE6, 0xBB, 0x91, 0x03, 0xE7, 0x94, 0xBB, 0x03,
    0xE5, 0x88, 0x92, 0x03, 0xE5, 0x8C, 0x96, 0x03, 0xE8, 0xAF, 0x9D, 0x03, 0xE6, 0xA7, 0x90, 0x03,
    0xE5, 0xBE, 0x8A, 0x03, 0xE6, 0x80, 0x80, 0x03, 0xE6, 0xB7, 0xAE, 0x03, 0xE5, 0x9D, 0x8F, 0x03,
    0xE6, 0xAC, 0xA2, 0x03, 0xE7, 0x8E, 0xAF, 0x03, 0xE6, 0xA1, 0x93, 0x03, 0xE8, 0xBF, 0x98, 0x03,
    0xE7, 0xBC, 0x93, 0x03, 0xE6, 0x8D, 0xA2, 0x03, 0xE6, 0x82, 0xA3, 0x03, 0xE5, 0x94, 0xA4, 0x03,
    0xE7, 0x97, 0xAA, 0x03, 0xE8, 0xB1, 0xA2, 0x03, 0xE7, 0x84, 0x95, 0x03, 0xE6, 0xB6, 0xA3, 0x03,
    0xE5, 0xAE, 0xA6, 0x03, 0xE5, 0xB9, 0xBB, 0x03, 0xE8, 0x8D, 0x92, 0x03, 0xE6, 0x85, 0x8C, 0x03,
    0xE9, 0xBB, 0x84, 0x03, 0xE7, 0xA3, 0xBA, 0x03, 0xE8, 0x9D, 0x97, 0x03, 0xE7, 0xB0, 0xA7, 0x03,
    0xE7, 0x9A, 0x87, 0x03, 0xE5, 0x87, 0xB0, 0x03, 0xE6, 0x83, 0xB6, 0x03, 0xE7, 0x85, 0x8C, 0x03,
    0xE6, 0x99, 0x83, 0x03, 0xE5, 0xB9, 0x8C, 0x03, 0xE6, 0x81, 0x8D, 0x03, 0xE8, 0xB0, 0x8E, 0x03,
    0xE7, 0x81, 0xB0, 0x03, 0xE6, 0x8C, 0xA5, 0x03, 0xE8, 0xBE, 0x89, 0x03, 0xE5, 0xBE, 0xBD, 0x03,
    0xE6, 0x81, 0xA2, 0x03, 0xE8, 0x9B, 0x94, 0x03, 0xE5, 0x9B, 0x9E, 0x03, 0xE6, 0xAF, 0x81, 0x03,
    0xE6, 0x82, 0x94, 0x03, 0xE6, 0x85, 0xA7, 0x03, 0xE5, 0x8D, 0x89, 0x03, 0xE6, 0x83, 0xA0, 0x03,
    0xE6, 0x99, 0xA6, 0x03, 0xE8, 0xB4, 0xBF, 0x03, 0xE7, 0xA7, 0xBD, 0x03, 0xE4, 0xBC, 0x9A, 0x03,
    0xE7, 0x83, 0xA9, 0x03, 0xE6, 0xB1, 0x87, 0x03, 0xE8, 0xAE, 0xB3, 0x03, 0xE8, 0xAF, 0xB2, 0x03,
    0xE7, 0xBB, 0x98, 0x06, 0xE5, 0x9B, 0x9E, 0xE7, 0xAD, 0x94, 0x06, 0xE6, 0x81, 0xA2, 0xE5, 0xA4,
    0x8D, 0x03, 0xE8, 0x8D, 0xA4, 0x03, 0xE6, 0x98, 0x8F, 0x03, 0xE5, 0xA9, 0x9A, 0x03, 0xE9, 0xAD,
    0x82, 0x03, 0xE6, 0xB5, 0x91, 0x03, 0xE6, 0xB7, 0xB7, 0x03, 0xE8, 0xB1, 0x81, 0x03, 0xE6, 0xB4,
    0xBB, 0x03, 0xE4, 0xBC, 0x99, 0x03, 0xE7, 0x81, 0xAB, 0x03, 0xE8, 0x8E, 0xB7, 0x03, 0xE6, 0x88,
    0x96, 0x03, 0xE6, 0x83, 0x91, 0x03, 0xE9, 0x9C, 0x8D, 0x03, 0xE8, 0xB4, 0xA7, 0x03, 0xE7, 0xA5,
    0xB8, 0x03, 0xE7, 0xBB, 0x99, 0x03, 0xE5, 0x87, 0xBB, 0x03, 0xE5, 0x9C, 0xBE, 0x03, 0xE5, 0x9F,
    0xBA, 0x03, 0xE6, 0x9C, 0xBA, 0x03, 0xE8, 0x82, 0x8C, 0x03, 0xE9, 0xA5, 0xA5, 0x03, 0xE8, 0xBF,
    0xB9, 0x03, 0xE6, 0xBF, 0x80, 0x03, 0xE8, 0xAE, 0xA5, 0x03, 0xE9, 0xB8, 0xA1, 0x03, 0xE5, 0xA7,
    0xAC, 0x03, 0xE7, 0xBB, 0xA9, 0x03, 0xE7, 0xBC, 0x89, 0x03, 0xE5, 0x90, 0x89, 0x03, 0xE6, 0x9E,
    0x81, 0x03, 0xE6, 0xA3, 0x98, 0x03, 0xE8, 0xBE, 0x91, 0x03, 0xE7, 0xB1, 0x8D, 0x03, 0xE9, 0x9B,
    0x86, 0x03, 0xE5, 0x8F, 0x8A, 0x03, 0xE6, 0x80, 0xA5, 0x03, 0xE7, 0x96, 0xBE, 0x03, 0xE6, 0xB1,
    0xB2, 0x03, 0xE5, 0x98, 0x89, 0x03, 0xE6, 0x9E, 0xB7, 0x03, 0xE5, 0xA4, 0xB9, 0x03, 0xE4, 0xBD,
    0xB3, 0x03, 0xE5, 0xAE, 0xB6, 0x03, 0xE5, 0x8A, 0xA0, 0x03, 0xE8, 0x8D, 0x9A, 0x03, 0xE9, 0xA2,
    0x8A, 0x03, 0xE8, 0xB4, 0xBE, 0x03, 0xE7, 0x94, 0xB2, 0x03, 0xE9, 0x92, 0xBE, 0x03, 0xE5, 0x81,
    0x87, 0x03, 0xE7, 0xA8, 0xBC, 0x03, 0xE4, 0xBB, 0xB7, 0x03, 0xE6, 0x9E, 0xB6, 0x03, 0xE9, 0xA9,
    0xBE, 0x03, 0xE5, 0xAB, 0x81, 0x03, 0xE8, 0x8C, 0x84, 0x03, 0xE6, 0xAD, 0xBC, 0x03, 0xE7, 0x9B,
    0x91, 0x03, 0xE5, 0x9D, 0x9A, 0x03, 0xE5, 0xB0, 0x96, 0x03, 0xE7, 0xAC, 0xBA, 0x03, 0xE9, 0x97,
    0xB4, 0x03, 0xE7, 0x85, 0x8E, 0x03, 0xE5, 0x85, 0xBC, 0x03, 0xE8, 0x82, 0xA9, 0x03, 0xE8, 0x89,
    0xB0, 0x03, 0xE5, 0xA5, 0xB8, 0x03, 0xE7, 0xBC, 0x84, 0x03, 0xE8, 0x8C, 0xA7, 0x03, 0xE6, 0xA3,
    0x80, 0x03, 0xE6, 0x9F, 0xAC, 0x03, 0xE7, 0xA2, 0xB1, 0x03, 0xE7, 0xA1, 0xB7, 0x03, 0xE6, 0x8B,
    0xA3, 0x03, 0xE6, 0x8D, 0xA1, 0x03, 0xE7, 0xAE, 0x80, 0x03, 0xE4, 0xBF, 0xAD, 0x03, 0xE5, 0x89,
    0xAA, 0x03, 0xE5, 0x87, 0x8F, 0x03, 0xE8, 0x8D, 0x90, 0x03, 0xE5, 0x83, 0xB5, 0x03, 0xE5, 0xA7,
    0x9C, 0x03, 0xE5, 0xB0, 0x86, 0x03, 0xE6, 0xB5, 0x86, 0x03, 0xE6, 0xB1, 0x9F, 0x03, 0xE7, 0x96,
    0x86, 0x03, 0xE8, 0x92, 0x8B, 0x03, 0xE6, 0xA1, 0xA8, 0x03, 0xE5, 0xA5, 0x96, 0x03, 0xE8, 0xAE,
    0xB2, 0x03, 0xE5, 0x8C, 0xA0, 0x03, 0xE9, 0x85, 0xB1, 0x03, 0xE9, 0x99, 0x8D, 0x03, 0xE8, 0x95,
    0x89, 0x03, 0xE6, 0xA4, 0x92, 0x03, 0xE7, 0xA4, 0x81, 0x03, 0xE7, 0x84, 0xA6, 0x03, 0xE8, 0x83,
    0xB6, 0x03, 0xE4, 0xBA, 0xA4, 0x03, 0xE9, 0x83, 0x8A, 0x03, 0xE6, 0xB5, 0x87, 0x03, 0xE9, 0xAA,
    0x84, 0x03, 0xE5, 0xA8, 0x87, 0x03, 0xE6, 0x90, 0x85, 0x03, 0xE9, 0x93, 0xB0, 0x03, 0xE7, 0x9F,
    0xAB, 0x03, 0xE4, 0xBE, 0xA5, 0x03, 0xE8, 0x84, 0x9A, 0x03, 0xE7, 0x8B, 0xA1, 0x03, 0xE8, 0xA7,
    0x92, 0x03, 0xE9, 0xA5, 0xBA, 0x03, 0xE7, 0xBC, 0xB4, 0x03, 0xE7, 0xBB, 0x9E, 0x03, 0xE5, 0x89,
    0xBF, 0x03, 0xE6, 0x95, 0x99, 0x03, 0xE9, 0x85, 0xB5, 0x03, 0xE8, 0xBD, 0xBF, 0x03, 0xE6, 0x8F,
    0xAD, 0x03, 0xE6, 0x8E, 0xA5, 0x03, 0xE7, 0x9A, 0x86, 0x03, 0xE7, 0xA7, 0xB8, 0x03, 0xE8, 0xA1,
    0x97, 0x03, 0xE9, 0x98, 0xB6, 0x03, 0xE6, 0x88, 0xAA, 0x03, 0xE5, 0x8A, 0xAB, 0x03, 0xE8, 0x8A,
    0x82, 0x03, 0xE6, 0x9D, 0xB0, 0x03, 0xE6, 0x8D, 0xB7, 0x03, 0xE7, 0x9D, 0xAB, 0x03, 0xE7, 0xAB,
    0xAD, 0x03, 0xE6, 0xB4, 0x81, 0x03, 0xE7, 0xBB, 0x93, 0x03, 0xE8, 0xA7, 0xA3, 0x03, 0xE5, 0xA7,
    0x90, 0x03, 0xE6, 0x88, 0x92, 0x03, 0xE8, 0x8A, 0xA5, 0x03, 0xE7, 0x95, 0x8C, 0x03, 0xE5, 0x80,
    0x9F, 0x03, 0xE4, 0xBB, 0x8B, 0x03, 0xE7, 0x96, 0xA5, 0x03, 0xE8, 0xAF, 0xAB, 0x06, 0xE7, 0xBB,
    0x93, 0xE6, 0x9D, 0x9F, 0x03, 0xE5, 0xB7, 0xBE, 0x03, 0xE7, 0xAD, 0x8B, 0x03, 0xE6, 0x96, 0xA4,
    0x03, 0xE9, 0x87, 0x91, 0x03, 0xE4, 0xBB, 0x8A, 0x03, 0xE6, 0xB4, 0xA5, 0x03, 0xE8, 0xA5, 0x9F,
    0x03, 0xE7, 0xB4, 0xA7, 0x03, 0xE9, 0x94, 0xA6, 0x03, 0xE4, 0xBB, 0x85, 0x03, 0xE8, 0xB0, 0xA8,
    0x03, 0xE8, 0xBF, 0x9B, 0x03, 0xE9, 0x9D, 0xB3, 0x03, 0xE6, 0x99, 0x8B, 0x03, 0xE5, 0xB0, 0xBD,
    0x03, 0xE5, 0x8A, 0xB2, 0x03, 0xE5, 0x8A, 0xB2, 0x03, 0xE8, 0x8D, 0x86, 0x03, 0xE5, 0x85, 0xA2,
    0x03, 0xE8, 0x8C, 0x8E, 0x03, 0xE7, 0x9D, 0x9B, 0x03, 0xE6, 0x99, 0xB6, 0x03, 0xE9, 0xB2, 0xB8,
    0x03, 0xE4, 0xBA, 0xAC, 0x03, 0xE6, 0x83, 0x8A, 0x03, 0xE7, 0xB2, 0xBE, 0x03, 0xE7, 0xB2, 0xB3,
    0x03, 0xE7, 0xBB, 0x8F, 0x03, 0xE4, 0xBA, 0x95, 0x03, 0xE8, 0xAD, 0xA6, 0x03, 0xE6, 0x99, 0xAF,
    0x03, 0xE9, 0xA2, 0x88, 0x03, 0xE9, 0x9D, 0x99, 0x03, 0xE5, 0xA2, 0x83, 0x03, 0xE6, 0x95, 0xAC,
    0x03, 0xE9, 0x95, 0x9C, 0x03, 0xE5, 0xBE, 0x84, 0x03, 0xE7, 0x97, 0x89, 0x03, 0xE9, 0x9D, 0x96,
    0x03, 0xE7, 0xAB, 0x9F, 0x03, 0xE7, 0x82, 0xAF, 0x03, 0xE7, 0xAA, 0x98, 0x03, 0xE6, 0x8F, 0xAA,
    0x03, 0xE7, 0xA9, 0xB6, 0x03, 0xE7, 0xBA, 0xA0, 0x03, 0xE7, 0x8E, 0x96, 0x03, 0xE9, 0x9F, 0xAD,
    0x03, 0xE4, 0xB9, 0x85, 0x03, 0xE7, 0x81, 0xB8, 0x03, 0xE4, 0xB9, 0x9D, 0x03, 0xE9, 0x85, 0x92,
    0x03, 0xE5, 0x8E, 0xA9, 0x03, 0xE6, 0x95, 0x91, 0x03, 0xE6, 0x97, 0xA7, 0x03, 0xE8, 0x87, 0xBC,
    0x03, 0xE8, 0x88, 0x85, 0x03, 0xE5, 0x92, 0x8E, 0x03, 0xE5, 0xB0, 0xB1, 0x03, 0xE7, 0x96, 0x9A,
    0x06, 0xE7, 0xBB, 0xA7, 0xE7, 0xBB, 0xAD, 0x03, 0xE6, 0xA1, 0x94, 0x03, 0xE9, 0x9E, 0xA0, 0x03,
    0xE6, 0x8B, 0x98, 0x03, 0xE7, 0x8B, 0x99, 0x03, 0xE7, 0x96, 0xBD, 0x03, 0xE5, 0xB1, 0x85, 0x03,
    0xE9, 0xA9, 0xB9, 0x03, 0xE8, 0x8F, 0x8A, 0x03, 0xE5, 0xB1, 0x80, 0x03, 0xE5, 0x92, 0x80, 0x03,
    0xE7, 0x9F, 0xA9, 0x03, 0xE4, 0xB8, 0xBE, 0x03, 0xE6, 0xB2, 0xAE, 0x03, 0xE8, 0x81, 0x9A, 0x03,
    0xE6, 0x8B, 0x92, 0x03, 0xE6, 0x8D, 0xAE, 0x03, 0xE5, 0xB7, 0xA8, 0x03, 0xE5, 0x85, 0xB7, 0x03,
    0xE8, 0xB7, 0x9D, 0x03, 0xE8, 0xB8, 0x9E, 0x03, 0xE9, 0x94, 0xAF, 0x03, 0xE4, 0xBF, 0xB1, 0x03,
    0xE5, 0x8F, 0xA5, 0x03, 0xE6, 0x83, 0xA7, 0x03, 0xE6, 0x8D, 0x90, 0x03, 0xE9, 0xB9, 0x83, 0x03,
    0xE5, 0xA8, 0x9F, 0x03, 0xE5, 0x80, 0xA6, 0x03, 0xE7, 0x9C, 0xB7, 0x03, 0xE5, 0x8D, 0xB7, 0x03,
    0xE7, 0xBB, 0xA2, 0x03, 0xE5, 0x9C, 0x88, 0x03, 0xE5, 0x9A, 0xBC, 0x03, 0xE6, 0x92, 0x85, 0x03,
    0xE6, 0x94, 0xAB, 0x03, 0xE6, 0x8A, 0x89, 0x03, 0xE6, 0x8E, 0x98, 0x03, 0xE5, 0x80, 0x94, 0x03,
    0xE7, 0x88, 0xB5, 0x03, 0xE8, 0xA7, 0x89, 0x03, 0xE5, 0x86, 0xB3, 0x03, 0xE8, 0xAF, 0x80, 0x03,
    0xE7, 0xBB, 0x9D, 0x03, 0xE5, 0x9D, 0x87, 0x03, 0xE8, 0x8F, 0x8C, 0x03, 0xE4, 0xBF, 0x8A, 0x03,
    0xE7, 0xAB, 0xA3, 0x03, 0xE6, 0xB5, 0x9A, 0x03, 0xE9, 0x83, 0xA1, 0x03, 0xE9, 0xAA, 0x8F, 0x03,
    0xE5, 0x96, 0x80, 0x03, 0xE5, 0x92, 0x96, 0x03, 0xE5, 0x8D, 0xA1, 0x03, 0xE5, 0xBC, 0x80, 0x03,
    0xE6, 0x8F, 0xA9, 0x03, 0xE6, 0xA5, 0xB7, 0x03, 0xE5, 0x87, 0xAF, 0x03, 0xE6, 0x85, 0xA8, 0x06,
    0xE5, 0xBC, 0x80, 0xE5, 0x8F, 0x91, 0x06, 0xE5, 0xBC, 0x80, 0xE6, 0x9C, 0xBA, 0x06, 0xE5, 0xBC,
    0x80, 0xE5, 0xA7, 0x8B, 0x03, 0xE6, 0xA7, 0x9B, 0x03, 0xE5, 0x88, 0x8A, 0x03, 0xE5, 0xA0, 0xAA,
    0x03, 0xE5, 0x8B, 0x98, 0x03, 0xE5, 0x9D, 0x8E, 0x03, 0xE7, 0xA0, 0x8D, 0x03, 0xE7, 0x9C, 0x8B,
    0x03, 0xE5, 0xBA, 0xB7, 0x03, 0xE6, 0x85, 0xB7, 0x03, 0xE7, 0xB3, 0xA0, 0x03, 0xE6, 0x89, 0x9B,
    0x03, 0xE6, 0x8A, 0x97, 0x03, 0xE4, 0xBA, 0xA2, 0x03, 0xE7, 0x82, 0x95, 0x03, 0xE8, 0x80, 0x83,
    0x03, 0xE6, 0x8B, 0xB7, 0x03, 0xE7, 0x83, 0xA4, 0x03, 0xE9, 0x9D, 0xA0, 0x03, 0xE5, 0x9D, 0xB7,
    0x03, 0xE8, 0x8B, 0x9B, 0x03, 0xE6, 0x9F, 0xAF, 0x03, 0xE6, 0xA3, 0xB5, 0x03, 0xE7, 0xA3, 0x95,
    0x03, 0xE9, 0xA2, 0x97, 0x03, 0xE7, 0xA7, 0x91, 0x03, 0xE5, 0xA3, 0xB3, 0x03, 0xE5, 0x92, 0xB3,
    0x03, 0xE5, 0x8F, 0xAF, 0x03, 0xE6, 0xB8, 0xB4, 0x03, 0xE5, 0x85, 0x8B, 0x03, 0xE5, 0x88, 0xBB,
    0x03, 0xE5, 0xAE, 0xA2, 0x03, 0xE8, 0xAF, 0xBE, 0x03, 0xE8, 0x82, 0xAF, 0x03, 0xE5, 0x95, 0x83,
    0x03, 0xE5, 0x9E, 0xA6, 0x03, 0xE6, 0x81, 0xB3, 0x03, 0xE5, 0x9D, 0x91, 0x03, 0xE5, 0x90, 0xAD,
    0x06, 0xE5, 0x8F, 0xAF, 0xE4, 0xBB, 0xA5, 0x03, 0xE7, 0xA9, 0xBA, 0x03, 0xE6, 0x81, 0x90, 0x03,
    0xE5, 0xAD, 0x94, 0x03, 0xE6, 0x8E, 0xA7, 0x03, 0xE6, 0x8A, 0xA0, 0x03, 0xE5, 0x8F, 0xA3, 0x03,
    0xE6, 0x89, 0xA3, 0x03, 0xE5, 0xAF, 0x87, 0x03, 0xE6, 0x9E, 0xAF, 0x03, 0xE5, 0x93, 0xAD, 0x03,
    0xE7, 0xAA, 0x9F, 0x03, 0xE8, 0x8B, 0xA6, 0x03, 0xE9, 0x85, 0xB7, 0x03, 0xE5, 0xBA, 0x93, 0x03,
    0xE8, 0xA3, 0xA4, 0x03, 0xE5, 0xA4, 0xB8, 0x03, 0xE5, 0x9E, 0xAE, 0x03, 0xE6, 0x8C, 0x8E, 0x03,
    0xE8, 0xB7, 0xA8, 0x03, 0xE8, 0x83, 0xAF, 0x03, 0xE4, 0xBC, 0x9A, 0x03, 0xE5, 0x9D, 0x97, 0x03,
    0xE7, 0xAD, 0xB7, 0x03, 0xE4, 0xBE, 0xA9, 0x03, 0xE5, 0xBF, 0xAB, 0x03, 0xE5, 0xAE, 0xBD, 0x03,
    0xE6, 0xAC, 0xBE, 0x03, 0xE5, 0x8C, 0xA1, 0x03, 0xE7, 0xAD, 0x90, 0x03, 0xE7, 0x8B, 0x82, 0x03,
    0xE6, 0xA1, 0x86, 0x03, 0xE7, 0x9F, 0xBF, 0x03, 0xE7, 0x9C, 0xB6, 0x03, 0xE6, 0x97, 0xB7, 0x03,
    0xE5, 0x86, 0xB5, 0x03, 0xE4, 0xBA, 0x8F, 0x03, 0xE7, 0x9B, 0x94, 0x03, 0xE5, 0xB2, 0xBF, 0x03,
    0xE7, 0xAA, 0xA5, 0x03, 0xE9, 0xA6, 0x88, 0x03, 0xE6, 0x84, 0xA7, 0x03, 0xE6, 0xBA, 0x83, 0x03,
    0xE5, 0x9D, 0xA4, 0x03, 0xE6, 0x98, 0x86, 0x03, 0xE6, 0x8D, 0x86, 0x03, 0xE5, 0x9B, 0xB0, 0x03,
    0xE6, 0x8B, 0xAC, 0x03, 0xE6, 0x89, 0xA9, 0x03, 0xE5, 0xBB, 0x93, 0x03, 0xE9, 0x98, 0x94, 0x03,
    0xE5, 0x9E, 0x83, 0x03, 0xE6, 0x8B, 0x89, 0x03, 0xE5, 0x96, 0x87, 0x03, 0xE8, 0x9C, 0xA1, 0x03,
    0xE8, 0x85, 0x8A, 0x03, 0xE8, 0xBE, 0xA3, 0x03, 0xE5, 0x95, 0xA6, 0x03, 0xE8, 0x8E, 0xB1, 0x03,
    0xE6, 0x9D, 0xA5, 0x03, 0xE8, 0xB5, 0x96, 0x03, 0xE8, 0x93, 0x9D, 0x03, 0xE5, 0xA9, 0xAA, 0x03,
    0xE6, 0xA0, 0x8F, 0x03, 0xE6, 0x8B, 0xA6, 0x03, 0xE7, 0xAF, 0xAE, 0x03, 0xE9, 0x98, 0x91, 0x03,
    0xE5, 0x85, 0xB0, 0x03, 0xE6, 0xBE, 0x9C, 0x03, 0xE8, 0xB0, 0xB0, 0x03, 0xE6, 0x8F, 0xBD, 0x03,
    0xE8, 0xA7, 0x88, 0x03, 0xE6, 0x87, 0x92, 0x03, 0xE7, 0xBC, 0x86, 0x03, 0xE7, 0x83, 0x82, 0x03,
    0xE6, 0xBB, 0xA5, 0x03, 0xE7, 0x90, 0x85, 0x03, 0xE6, 0xA6, 0x94, 0x03, 0xE7, 0x8B, 0xBC, 0x03,
    0xE5, 0xBB, 0x8A, 0x03, 0xE9, 0x83, 0x8E, 0x03, 0xE6, 0x9C, 0x97, 0x03, 0xE6, 0xB5, 0xAA, 0x06,
    0xE8, 0x93, 0x9D, 0xE7, 0x89, 0x99, 0x03, 0xE6, 0x8D, 0x9E, 0x03, 0xE5, 0x8A, 0xB3, 0x03, 0xE7,
    0x89, 0xA2, 0x03, 0xE8, 0x80, 0x81, 0x03, 0xE4, 0xBD, 0xAC, 0x03, 0xE5, 0xA7, 0xA5, 0x03, 0xE9,
    0x85, 0xAA, 0x03, 0xE7, 0x83, 0x99, 0x03, 0xE6, 0xB6, 0x9D, 0x03, 0xE6, 0xBD, 0xA6, 0x03, 0xE4,
    0xB9, 0x90, 0x03, 0xE8, 0x82, 0x8B, 0x03, 0xE4, 0xBA, 0x86, 0x03, 0xE5, 0x8B, 0x92, 0x03, 0xE9,
    0x9B, 0xB7, 0x03, 0xE9, 0x95, 0xAD, 0x03, 0xE8, 0x95, 0xBE, 0x03, 0xE7, 0xA3, 0x8A, 0x03, 0xE7,
    0xB4, 0xAF, 0x03, 0xE5, 0x84, 0xA1, 0x03, 0xE5, 0x9E, 0x92, 0x03, 0xE6, 0x93, 0x82, 0x03, 0xE7,
    0xB1, 0xBB, 0x03, 0xE6, 0xB3, 0xAA, 0x03, 0xE6, 0xA3, 0xB1, 0x03, 0xE6, 0xA5, 0x9E, 0x03, 0xE5,
    0x86, 0xB7, 0x03, 0xE5, 0x8E, 0x98, 0x03, 0xE6, 0xA2, 0xA8, 0x03, 0xE7, 0x8A, 0x81, 0x03, 0xE9,
    0xBB, 0x8E, 0x03, 0xE7, 0xAF, 0xB1, 0x03, 0xE7, 0x8B, 0xB8, 0x03, 0xE7, 0xA6, 0xBB, 0x03, 0xE6,
    0xBC, 0x93, 0x03, 0xE7, 0x90, 0x86, 0x03, 0xE6, 0x9D, 0x8E, 0x03, 0xE9, 0x87, 0x8C, 0x03, 0xE9,
    0xB2, 0xA4, 0x03, 0xE7, 0xA4, 0xBC, 0x03, 0xE8, 0x8E, 0x89, 0x03, 0xE8, 0x8D, 0x94, 0x03, 0xE5,
    0x90, 0x8F, 0x03, 0xE6, 0xA0, 0x97, 0x03, 0xE4, 0xB8, 0xBD, 0x03, 0xE5, 0x8E, 0x89, 0x03, 0xE5,
    0x8A, 0xB1, 0x03, 0xE7, 0xA0, 0xBE, 0x03, 0xE5, 0x8E, 0x86, 0x03, 0xE7, 0x97, 0xA2, 0x03, 0xE7,
    0xAB, 0x8B, 0x03, 0xE4, 0xBF, 0xA9, 0x03, 0xE8, 0x81, 0x94, 0x03, 0xE8, 0x8E, 0xB2, 0x03, 0xE8,
    0xBF, 0x9E, 0x03, 0xE9, 0x95, 0xB0, 0x03, 0xE5, 0xBB, 0x89, 0x03, 0xE6, 0x80, 0x9C, 0x03, 0xE6,
    0xB6, 0x9F, 0x03, 0xE5, 0xB8, 0x98, 0x03, 0xE6, 0x95, 0x9B, 0x03, 0xE8, 0x84, 0xB8, 0x03, 0xE9,
    0x93, 0xBE, 0x03, 0xE6, 0x81, 0x8B, 0x03, 0xE7, 0x82, 0xBC, 0x03, 0xE7, 0xBB, 0x83, 0x03, 0xE7,
    0xB2, 0xAE, 0x03, 0xE5, 0x87, 0x89, 0x03, 0xE6, 0xA2, 0x81, 0x03, 0xE7, 0xB2, 0xB1, 0x03, 0xE8,
    0x89, 0xAF, 0x03, 0xE4, 0xB8, 0xA4, 0x03, 0xE8, 0xBE, 0x86, 0x03, 0xE9, 0x87, 0x8F, 0x03, 0xE6,
    0x99, 0xBE, 0x03, 0xE4, 0xBA, 0xAE, 0x03, 0xE8, 0xB0, 0x85, 0x03, 0xE6, 0x92, 0xA9, 0x03, 0xE8,
    0x81, 0x8A, 0x03, 0xE5, 0x83, 0x9A, 0x03, 0xE7, 0x96, 0x97, 0x03, 0xE7, 0x87, 0x8E, 0x03, 0xE5,
    0xAF, 0xA5, 0x03, 0xE8, 0xBE, 0xBD, 0x03, 0xE6, 0x92, 0x82, 0x03, 0xE9, 0x95, 0xA3, 0x03, 0xE5,
    0xBB, 0x96, 0x03, 0xE6, 0x96, 0x99, 0x03, 0xE5, 0x88, 0x97, 0x03, 0xE8, 0xA3, 0x82, 0x03, 0xE7,
    0x83, 0x88, 0x03, 0xE5, 0x8A, 0xA3, 0x03, 0xE7, 0x8C, 0x8E, 0x03, 0xE7, 0x90, 0xB3, 0x03, 0xE6,
    0x9E, 0x97, 0x03, 0xE7, 0xA3, 0xB7, 0x03, 0xE9, 0x9C, 0x96, 0x03, 0xE4, 0xB8, 0xB4, 0x03, 0xE9,
    0x82, 0xBB, 0x03, 0xE9, 0xB3, 0x9E, 0x03, 0xE6, 0xB7, 0x8B, 0x03, 0xE5, 0x87, 0x9B, 0x03, 0xE8,
    0xB5, 0x81, 0x03, 0xE5, 0x90, 0x9D, 0x03, 0xE6, 0x8B, 0x8E, 0x03, 0xE7, 0x8E, 0xB2, 0x03, 0xE8,
    0x8F, 0xB1, 0x03, 0xE9, 0x9B, 0xB6, 0x03, 0xE9, 0xBE, 0x84, 0x03, 0xE9, 0x93, 0x83, 0x03, 0xE4,
    0xBC, 0xB6, 0x03, 0xE7, 0xBE, 0x9A, 0x03, 0xE5, 0x87, 0x8C, 0x03, 0xE7, 0x81, 0xB5, 0x03, 0xE9,
    0x99, 0xB5, 0x03, 0xE5, 0xB2, 0xAD, 0x03, 0xE9, 0xA2, 0x86, 0x03, 0xE5, 0x8F, 0xA6, 0x03, 0xE4,
    0xBB, 0xA4, 0x03, 0xE6, 0xBA, 0x9C, 0x03, 0xE7, 0x90, 0x89, 0x03, 0xE6, 0xA6, 0xB4, 0x03, 0xE7,
    0xA1, 0xAB, 0x03, 0xE9, 0xA6, 0x8F, 0x03, 0xE7, 0x95, 0x99, 0x03, 0xE5, 0x88, 0x98, 0x03, 0xE7,
    0x98, 0xA4, 0x03, 0xE6, 0xB5, 0x81, 0x03, 0xE6, 0x9F, 0xB3, 0x03, 0xE5, 0x85, 0xAD, 0x03, 0xE9,
    0xBE, 0x99, 0x03, 0xE9, 0x9A, 0x86, 0x03, 0xE5, 0x9E, 0x84, 0x03, 0xE6, 0x8B, 0xA2, 0x03, 0xE9,
    0x99, 0x87, 0x03, 0xE6, 0xA5, 0xBC, 0x03, 0xE5, 0xA8, 0x84, 0x03, 0xE6, 0x90, 0x82, 0x03, 0xE7,
    0xAF, 0x93, 0x03, 0xE6, 0xBC, 0x8F, 0x03, 0xE9, 0x99, 0x8B, 0x03, 0xE9, 0x9C, 0xB2, 0x03, 0xE8,
    0x8A, 0xA6, 0x03, 0xE5, 0x8D, 0xA2, 0x03, 0xE9, 0xA2, 0x85, 0x03, 0xE5, 0xBA, 0x90, 0x03, 0xE7,
    0x82, 0x89, 0x03, 0xE6, 0x8E, 0xB3, 0x03, 0xE5, 0x8D, 0xA4, 0x03, 0xE8, 0x99, 0x8F, 0x03, 0xE9,
    0xB2, 0x81, 0x03, 0xE9, 0xBA, 0x93, 0x03, 0xE7, 0xA2, 0x8C, 0x03, 0xE9, 0x9C, 0xB2, 0x03, 0xE8,
    0xB7, 0xAF, 0x03, 0xE8, 0xB5, 0x82, 0x03, 0xE9, 0xB9, 0xBF, 0x03, 0xE6, 0xBD, 0x9E, 0x03, 0xE7,
    0xA6, 0x84, 0x03, 0xE5, 0xBD, 0x95, 0x03, 0xE9, 0x99, 0x86, 0x03, 0xE6, 0x88, 0xAE, 0x03, 0xE5,
    0xB3, 0xA6, 0x03, 0xE6, 0x8C, 0x9B, 0x03, 0xE5, 0xAD, 0xAA, 0x03, 0xE6, 0xBB, 0xA6, 0x03, 0xE5,
    0x8D, 0xB5, 0x03, 0xE4, 0xB9, 0xB1, 0x06, 0xE8, 0xB7, 0xAF, 0xE5, 0xBE, 0x84, 0x03, 0xE6, 0x8A,
    0xA1, 0x03, 0xE8, 0xBD, 0xAE, 0x03, 0xE4, 0xBC, 0xA6, 0x03, 0xE4, 0xBB, 0x91, 0x03, 0xE6, 0xB2,
    0xA6, 0x03, 0xE7, 0xBA, 0xB6, 0x03, 0xE8, 0xAE, 0xBA, 0x03, 0xE8, 0x90, 0x9D, 0x03, 0xE8, 0x9E,
    0xBA, 0x03, 0xE7, 0xBD, 0x97, 0x03, 0xE9, 0x80, 0xBB, 0x03, 0xE9, 0x94, 0xA3, 0x03, 0xE7, 0xAE,
    0xA9, 0x03, 0xE9, 0xAA, 0xA1, 0x03, 0xE8, 0xA3, 0xB8, 0x03, 0xE8, 0x90, 0xBD, 0x03, 0xE6, 0xB4,
    0x9B, 0x03, 0xE9, 0xAA, 0x86, 0x03, 0xE7, 0xBB, 0x9C, 0x06, 0xE8, 0xB7, 0xAF, 0xE7, 0xBA, 0xBF,
    0x06, 0xE5, 0xBD, 0x95, 0xE9, 0x9F, 0xB3, 0x03, 0xE9, 0xA9, 0xB4, 0x03, 0xE5, 0x90, 0x95, 0x03,
    0xE9, 0x93, 0x9D, 0x03, 0xE4, 0xBE, 0xA3, 0x03, 0xE6, 0x97, 0x85, 0x03, 0xE5, 0xB1, 0xA5, 0x03,
    0xE5, 0xB1, 0xA1, 0x03, 0xE7, 0xBC, 0x95, 0x03, 0xE8, 0x99, 0x91, 0x03, 0xE6, 0xB0, 0xAF, 0x03,
    0xE5, 0xBE, 0x8B, 0x03, 0xE7, 0x8E, 0x87, 0x03, 0xE6, 0xBB, 0xA4, 0x03, 0xE7, 0xBB, 0xBF, 0x03,
    0xE6, 0x8E, 0xA0, 0x03, 0xE7, 0x95, 0xA5, 0x03, 0xE5, 0xA6, 0x88, 0x03, 0xE9, 0xBA, 0xBB, 0x03,
    0xE7, 0x8E, 0x9B, 0x03, 0xE7, 0xA0, 0x81, 0x03, 0xE8, 0x9A, 0x82, 0x03, 0xE9, 0xA9, 0xAC, 0x03,
    0xE9, 0xAA, 0x82, 0x03, 0xE5, 0x98, 0x9B, 0x03, 0xE5, 0x90, 0x97, 0x03, 0xE5, 0x9F, 0x8B, 0x03,
    0xE4, 0xB9, 0xB0, 0x03, 0xE9, 0xBA, 0xA6, 0x03, 0xE5, 0x8D, 0x96, 0x03, 0xE8, 0xBF, 0x88, 0x03,
    0xE8, 0x84, 0x89, 0x03, 0xE7, 0x9E, 0x92, 0x03, 0xE9, 0xA6, 0x92, 0x03, 0xE8, 0x9B, 0xAE, 0x03,
    0xE6, 0xBB, 0xA1, 0x03, 0xE8, 0xB0, 0xA9, 0x03, 0xE8, 0x8A, 0x92, 0x03, 0xE8, 0x8C, 0xAB, 0x03,
    0xE7, 0x9B, 0xB2, 0x03, 0xE6, 0xB0, 0x93, 0x03, 0xE5, 0xBF, 0x99, 0x03, 0xE8, 0x8E, 0xBD, 0x03,
    0xE7, 0x8C, 0xAB, 0x03, 0xE8, 0x8C, 0x85, 0x03, 0xE9, 0x94, 0x9A, 0x03, 0xE6, 0xAF, 0x9B, 0x03,
    0xE7, 0x9F, 0x9B, 0x03, 0xE9, 0x93, 0x86, 0x03, 0xE5, 0x8D, 0xAF, 0x03, 0xE8, 0x8C, 0x82, 0x03,
    0xE5, 0x86, 0x92, 0x03, 0xE5, 0xB8, 0xBD, 0x03, 0xE8, 0xB2, 0x8C, 0x03, 0xE8, 0xB4, 0xB8, 0x03,
    0xE4, 0xB9, 0x88, 0x03, 0xE7, 0x8E, 0xAB, 0x03, 0xE6, 0x9E, 0x9A, 0x03, 0xE6, 0xA2, 0x85, 0x03,
    0xE9, 0x85, 0xB6, 0x03, 0xE9, 0x9C, 0x89, 0x03, 0xE7, 0x85, 0xA4, 0x03, 0xE6, 0xB2, 0xA1, 0x03,
    0xE7, 0x9C, 0x89, 0x03, 0xE5, 0xAA, 0x92, 0x03, 0xE9, 0x95, 0x81, 0x03, 0xE6, 0xAF, 0x8F, 0x03,
    0xE7, 0xBE, 0x8E, 0x03, 0xE6, 0x98, 0xA7, 0x03, 0xE5, 0xAF, 0x90, 0x03, 0xE5, 0xA6, 0xB9, 0x03,
    0xE5, 0xAA, 0x9A, 0x03, 0xE9, 0x97, 0xA8, 0x03, 0xE9, 0x97, 0xB7, 0x03, 0xE4, 0xBB, 0xAC, 0x03,
    0xE8, 0x90, 0x8C, 0x03, 0xE8, 0x92, 0x99, 0x03, 0xE6, 0xAA, 0xAC, 0x03, 0xE7, 0x9B, 0x9F, 0x03,
    0xE9, 0x94, 0xB0, 0x03, 0xE7, 0x8C, 0x9B, 0x03, 0xE6, 0xA2, 0xA6, 0x03, 0xE5, 0xAD, 0x9F, 0x03,
    0xE7, 0x9C, 0xAF, 0x03, 0xE9, 0x86, 0x9A, 0x03, 0xE9, 0x9D, 0xA1, 0x03, 0xE7, 0xB3, 0x9C, 0x03,
    0xE8, 0xBF, 0xB7, 0x03, 0xE8, 0xB0, 0x9C, 0x03, 0xE5, 0xBC, 0xA5, 0x03, 0xE7, 0xB1, 0xB3, 0x03,
    0xE7, 0xA7, 0x98, 0x03, 0xE8, 0xA7, 0x85, 0x03, 0xE6, 0xB3, 0x8C, 0x03, 0xE8, 0x9C, 0x9C, 0x03,
    0xE5, 0xAF, 0x86, 0x03, 0xE5, 0xB9, 0x82, 0x03, 0xE6, 0xA3, 0x89, 0x03, 0xE7, 0x9C, 0xA0, 0x03,
    0xE7, 0xBB, 0xB5, 0x03, 0xE5, 0x86, 0x95, 0x03, 0xE5, 0x85, 0x8D, 0x03, 0xE5, 0x8B, 0x89, 0x03,
    0xE5, 0xA8, 0xA9, 0x03, 0xE7, 0xBC, 0x85, 0x03, 0xE9, 0x9D, 0xA2, 0x03, 0xE8, 0x8B, 0x97, 0x03,
    0xE6, 0x8F, 0x8F, 0x03, 0xE7, 0x9E, 0x84, 0x03, 0xE8, 0x97, 0x90, 0x03, 0xE7, 0xA7, 0x92, 0x03,
    0xE6, 0xB8, 0xBA, 0x03, 0xE5, 0xBA, 0x99, 0x03, 0xE5, 0xA6, 0x99, 0x03, 0xE8, 0x94, 0x91, 0x03,
    0xE7, 0x81, 0xAD, 0x06, 0xE5, 0xAF, 0x86, 0xE7, 0xA0, 0x81, 0x03, 0xE6, 0xB0, 0x91, 0x03, 0xE6,
    0x8A, 0xBF, 0x03, 0xE7, 0x9A, 0xBF, 0x03, 0xE6, 0x95, 0x8F, 0x03, 0xE6, 0x82, 0xAF, 0x03, 0xE9,
    0x97, 0xBD, 0x03, 0xE6, 0x98, 0x8E, 0x03, 0xE8, 0x9E, 0x9F, 0x03, 0xE9, 0xB8, 0xA3, 0x03, 0xE9,
    0x93, 0xAD, 0x06, 0xE5, 0x90, 0x8D, 0xE5, 0xAD, 0x97, 0x03, 0xE6, 0x91, 0xB9, 0x03, 0xE8, 0x98,
    0x91, 0x03, 0xE6, 0xA8, 0xA1, 0x03, 0xE8, 0x86, 0x9C, 0x03, 0xE7, 0xA3, 0xA8, 0x03, 0xE6, 0x91,
    0xA9, 0x03, 0xE9, 0xAD, 0x94, 0x03, 0xE6, 0x8A, 0xB9, 0x03, 0xE6, 0x9C, 0xAB, 0x03, 0xE8, 0x8E,
    0xAB, 0x03, 0xE5, 0xA2, 0xA8, 0x03, 0xE9, 0xBB, 0x98, 0x03, 0xE6, 0xB2, 0xAB, 0x03, 0xE6, 0xBC,
    0xA0, 0x03, 0xE5, 0xAF, 0x9E, 0x03, 0xE9, 0x99, 0x8C, 0x03, 0xE8, 0xB0, 0x8B, 0x03, 0xE7, 0x89,
    0x9F, 0x03, 0xE6, 0x9F, 0x90, 0x03, 0xE6, 0xA8, 0xA1, 0x03, 0xE6, 0x8B, 0x87, 0x03, 0xE7, 0x89,
    0xA1, 0x03, 0xE4, 0xBA, 0xA9, 0x03, 0xE5, 0xA7, 0x86, 0x03, 0xE6, 0xAF, 0x8D, 0x03, 0xE5, 0xA2,
    0x93, 0x03, 0xE6, 0x9A, 0xAE, 0x03, 0xE5, 0xB9, 0x95, 0x03, 0xE5, 0x8B, 0x9F, 0x03, 0xE6, 0x85,
    0x95, 0x03, 0xE6, 0x9C, 0xA8, 0x03, 0xE7, 0x9B, 0xAE, 0x03, 0xE7, 0x9D, 0xA6, 0x03, 0xE7, 0x89,
    0xA7, 0x03, 0xE7, 0xA9, 0x86, 0x06, 0xE7, 0x9B, 0xAE, 0xE5, 0xBD, 0x95, 0x03, 0xE6, 0x8B, 0xBF,
    0x03, 0xE5, 0x93, 0xAA, 0x03, 0xE5, 0x91, 0x90, 0x03, 0xE9, 0x92, 0xA0, 0x03, 0xE9, 0x82, 0xA3,
    0x03, 0xE5, 0xA8, 0x9C, 0x03, 0xE7, 0xBA, 0xB3, 0x06, 0xE9, 0x82, 0xA3, 0xE4, 0xB8, 0xAA, 0x03,
    0xE6, 0xB0, 0x96, 0x03, 0xE4, 0xB9, 0x83, 0x03, 0xE5, 0xA5, 0xB6, 0x03, 0xE8, 0x80, 0x90, 0x03,
    0xE5, 0xA5, 0x88, 0x03, 0xE5, 0x8D, 0x97, 0x03, 0xE7, 0x94, 0xB7, 0x03, 0xE9, 0x9A, 0xBE, 0x03,
    0xE5, 0x9B, 0x8A, 0x03, 0xE6, 0x8C, 0xA0, 0x03, 0xE8, 0x84, 0x91, 0x03, 0xE6, 0x81, 0xBC, 0x03,
    0xE9, 0x97, 0xB9, 0x03, 0xE6, 0xB7, 0x96, 0x06, 0xE9, 0x82, 0xA3, 0xE4, 0xBA, 0x9B, 0x06, 0xE9,
    0x82, 0xA3, 0xE6, 0xA0, 0xB7, 0x03, 0xE5, 0x93, 0xAA, 0x03, 0xE5, 0x91, 0xA2, 0x03, 0xE9, 0xA6,
    0x81, 0x03, 0xE5, 0x86, 0x85, 0x06, 0xE5, 0x86, 0x85, 0xE5, 0xAD, 0x98, 0x03, 0xE5, 0xAB, 0xA9,
    0x03, 0xE8, 0x83, 0xBD, 0x03, 0xE5, 0x91, 0xA2, 0x03, 0xE5, 0xA6, 0xAE, 0x03, 0xE9, 0x9C, 0x93,
    0x03, 0xE5, 0x80, 0xAA, 0x03, 0xE6, 0xB3, 0xA5, 0x03, 0xE5, 0xB0, 0xBC, 0x03, 0xE6, 0x8B, 0x9F,
    0x03, 0xE4, 0xBD, 0xA0, 0x03, 0xE5, 0x8C, 0xBF, 0x03, 0xE8, 0x85, 0xBB, 0x03, 0xE9, 0x80, 0x86,
    0x03, 0xE6, 0xBA, 0xBA, 0x03, 0xE8, 0x94, 0xAB, 0x03, 0xE6, 0x8B, 0x88, 0x03, 0xE5, 0xB9, 0xB4,
    0x03, 0xE7, 0xA2, 0xBE, 0x03, 0xE6, 0x92, 0xB5, 0x03, 0xE6, 0x8D, 0xBB, 0x03, 0xE5, 0xBF, 0xB5,
    0x03, 0xE8, 0xBE, 0x97, 0x03, 0xE5, 0xA8, 0x98, 0x03, 0xE9, 0x85, 0xBF, 0x03, 0xE9, 0xB8, 0x9F,
    0x03, 0xE5, 0xB0, 0xBF, 0x03, 0xE6, 0x8D, 0x8F, 0x03, 0xE8, 0x81, 0x82, 0x03, 0xE5, 0xAD, 0xBD,
    0x03, 0xE5, 0x95, 0xAE, 0x03, 0xE9, 0x95, 0x8A, 0x03, 0xE9, 0x95, 0x8D, 0x03, 0xE6, 0xB6, 0x85,
    0x06, 0xE4, 0xBD, 0xA0, 0xE5, 0xA5, 0xBD, 0x06, 0xE4, 0xBD, 0xA0, 0xE4, 0xBB, 0xAC, 0x03, 0xE6,
    0x82, 0xA8, 0x03, 0xE6, 0x8B, 0xA7, 0x03, 0xE6, 0xB3, 0x9E, 0x03, 0xE7, 0x89, 0x9B, 0x03, 0xE6,
    0x89, 0xAD, 0x03, 0xE9, 0x92, 0xAE, 0x03, 0xE7, 0xBA, 0xBD, 0x03, 0xE8, 0x84, 0x93, 0x03, 0xE6,
    0xB5, 0x93, 0x03, 0xE5, 0x86, 0x9C, 0x03, 0xE5, 0xBC, 0x84, 0x03, 0xE5, 0xA5, 0xB4, 0x03, 0xE5,
    0x8A, 0xAA, 0x03, 0xE6, 0x80, 0x92, 0x03, 0xE6, 0x9A, 0x96, 0x03, 0xE6, 0x8C, 0xAA, 0x03, 0xE6,
    0x87, 0xA6, 0x03, 0xE7, 0xB3, 0xAF, 0x03, 0xE8, 0xAF, 0xBA, 0x03, 0xE5, 0xA5, 0xB3, 0x03, 0xE8,
    0x99, 0x90, 0x03, 0xE7, 0x96, 0x9F, 0x03, 0xE5, 0x93, 0xA6, 0x03, 0xE6, 0xAC, 0xA7, 0x03, 0xE9,
    0xB8, 0xA5, 0x03, 0xE6, 0xAE, 0xB4, 0x03, 0xE8, 0x97, 0x95, 0x03, 0xE5, 0x91, 0x95, 0x03, 0xE5,
    0x81, 0xB6, 0x03, 0xE6, 0xB2, 0xA4, 0x03, 0xE5, 0x8C, 0xBA, 0x03, 0xE5, 0x95, 0xAA, 0x03, 0xE8,
    0xB6, 0xB4, 0x03, 0xE7, 0x88, 0xAC, 0x03, 0xE5, 0xB8, 0x95, 0x03, 0xE6, 0x80, 0x95, 0x03, 0xE7,
    0x90, 0xB6, 0x03, 0xE6, 0x8B, 0x8D, 0x03, 0xE6, 0x8E, 0x92, 0x03, 0xE7, 0x89, 0x8C, 0x03, 0xE5,
    0xBE, 0x98, 0x03, 0xE6, 0xB9, 0x83, 0x03, 0xE6, 0xB4, 0xBE, 0x03, 0xE6, 0x94, 0x80, 0x03, 0xE6,
    0xBD, 0x98, 0x03, 0xE7, 0x9B, 0x98, 0x03, 0xE7, 0xA3, 0x90, 0x03, 0xE7, 0x9B, 0xBC, 0x03, 0xE7,
    0x95, 0x94, 0x03, 0xE5, 0x88, 0xA4, 0x03, 0xE5, 0x8F, 0x9B, 0x03, 0xE4, 0xB9, 0x93, 0x03, 0xE5,
    0xBA, 0x9E, 0x03, 0xE6, 0x97, 0x81, 0x03, 0xE8, 0x80, 0xAA, 0x03, 0xE8, 0x83, 0x96, 0x03, 0xE6,
    0x8A, 0x9B, 0x03, 0xE5, 0x92, 0x86, 0x03, 0xE5, 0x88, 0xA8, 0x03, 0xE7, 0x82, 0xAE, 0x03, 0xE8,
    0xA2, 0x8D, 0x03, 0xE8, 0xB7, 0x91, 0x03, 0xE6, 0xB3, 0xA1, 0x03, 0xE5, 0x91, 0xB8, 0x03, 0xE8,
    0x83, 0x9A, 0x03, 0xE5, 0x9F, 0xB9, 0x03, 0xE8, 0xA3, 0xB4, 0x03, 0xE8, 0xB5, 0x94, 0x03, 0xE9,
    0x99, 0xAA, 0x03, 0xE9, 0x85, 0x8D, 0x03, 0xE4, 0xBD, 0xA9, 0x03, 0xE6, 0xB2, 0x9B, 0x03, 0xE5,
    0x96, 0xB7, 0x03, 0xE7, 0x9B, 0x86, 0x03, 0xE7, 0xA0, 0xB0, 0x03, 0xE6, 0x8A, 0xA8, 0x03, 0xE7,
    0x83, 0xB9, 0x03, 0xE6, 0xBE, 0x8E, 0x03, 0xE5, 0xBD, 0xAD, 0x03, 0xE8, 0x93, 0xAC, 0x03, 0xE6,
    0xA3, 0x9A, 0x03, 0xE7, 0xA1, 0xBC, 0x03, 0xE7, 0xAF, 0xB7, 0x03, 0xE8, 0x86, 0xA8, 0x03, 0xE6,
    0x9C, 0x8B, 0x03, 0xE9, 0xB9, 0x8F, 0x03, 0xE6, 0x8D, 0xA7, 0x03, 0xE7, 0xA2, 0xB0, 0x03, 0xE8,
    0xBE, 0x9F, 0x03, 0xE5, 0x9D, 0xAF, 0x03, 0xE7, 0xA0, 0x92, 0x03, 0xE9, 0x9C, 0xB9, 0x03, 0xE6,
    0x89, 0xB9, 0x03, 0xE5, 0x95, 0xA4, 0x03, 0xE8, 0x84, 0xBE, 0x03, 0xE7, 0x96, 0xB2, 0x03, 0xE7,
    0x9A, 0xAE, 0x03, 0xE5, 0x8C, 0xB9, 0x03, 0xE7, 0x97, 0x9E, 0x03, 0xE5, 0x83, 0xBB, 0x03, 0xE5,
    0xB1, 0x81, 0x03, 0xE8, 0xAD, 0xAC, 0x03, 0xE7, 0xAF, 0x87, 0x03, 0xE5, 0x81, 0x8F, 0x03, 0xE7,
    0x89, 0x87, 0x03, 0xE9, 0xAA, 0x97, 0x03, 0xE9, 0xA3, 0x98, 0x03, 0xE6, 0xBC, 0x82, 0x03, 0xE7,
    0x93, 0xA2, 0x03, 0xE7, 0xA5, 0xA8, 0x03, 0xE6, 0x92, 0x87, 0x03, 0xE7, 0x9E, 0xA5, 0x03, 0xE6,
    0x8B, 0xBC, 0x03, 0xE9, 0xA2, 0x91, 0x03, 0xE8, 0xB4, 0xAB, 0x03, 0xE5, 0x93, 0x81, 0x03, 0xE8,
    0x81, 0x98, 0x06, 0xE9, 0xA2, 0x91, 0xE9, 0x81, 0x93, 0x03, 0xE4, 0xB9, 0x92, 0x03, 0xE5, 0x9D,
    0xAA, 0x03, 0xE8, 0x8B, 0xB9, 0x03, 0xE8, 0x90, 0x8D, 0x03, 0xE5, 0xB9, 0xB3, 0x03, 0xE5, 0x87,
    0xAD, 0x03, 0xE7, 0x93, 0xB6, 0x03, 0xE8, 0xAF, 0x84, 0x03, 0xE5, 0xB1, 0x8F, 0x06, 0xE5, 0xB1,
    0x8F, 0xE5, 0xB9, 0x95, 0x03, 0xE6, 0xB3, 0x8A, 0x03, 0xE5, 0x9D, 0xA1, 0x03, 0xE6, 0xB3, 0xBC,
    0x03, 0xE9, 0xA2, 0x87, 0x03, 0xE5, 0xA9, 0x86, 0x03, 0xE7, 0xA0, 0xB4, 0x03, 0xE9, 0xAD, 0x84,
    0x03, 0xE8, 0xBF, 0xAB, 0x03, 0xE7, 0xB2, 0x95, 0x03, 0xE5, 0x89, 0x96, 0x03, 0xE8, 0x84, 0xAF,
    0x03, 0xE6, 0x89, 0x91, 0x03, 0xE9, 0x93, 0xBA, 0x03, 0xE4, 0xBB, 0x86, 0x03, 0xE8, 0x8E, 0x86,
    0x03, 0xE8, 0x91, 0xA1, 0x03, 0xE8, 0x8F, 0xA9, 0x03, 0xE8, 0x92, 0xB2, 0x03, 0xE5, 0x9F, 0x94,
    0x03, 0xE6, 0x9C, 0xB4, 0x03, 0xE5, 0x9C, 0x83, 0x03, 0xE6, 0x99, 0xAE, 0x03, 0xE6, 0xB5, 0xA6,
    0x03, 0xE8, 0xB0, 0xB1, 0x03, 0xE6, 0x9B, 0x9D, 0x03, 0xE7, 0x80, 0x91, 0x03, 0xE6, 0x9C, 0x9F,
    0x03, 0xE6, 0xAC, 0xBA, 0x03, 0xE6, 0xA0, 0x96, 0x03, 0xE6, 0x88, 0x9A, 0x03, 0xE5, 0xA6, 0xBB,
    0x03, 0xE4, 0xB8, 0x83, 0x03, 0xE5, 0x87, 0x84, 0x03, 0xE6, 0xBC, 0x86, 0x03, 0xE6, 0x9F, 0x92,
    0x03, 0xE6, 0xB2, 0x8F, 0x03, 0xE5, 0x85, 0xB6, 0x03, 0xE6, 0xA3, 0x8B, 0x03, 0xE5, 0xA5, 0x87,
    0x03, 0xE6, 0xAD, 0xA7, 0x03, 0xE7, 0x95, 0xA6, 0x03, 0xE5, 0xB4, 0x8E, 0x03, 0xE8, 0x84, 0x90,
    0x03, 0xE9, 0xBD, 0x90, 0x03, 0xE6, 0x97, 0x97, 0x03, 0xE7, 0xA5, 0x88, 0x03, 0xE7, 0xA5, 0x81,
    0x03, 0xE9, 0xAA, 0x91, 0x03, 0xE8, 0xB5, 0xB7, 0x03, 0xE5, 0xB2, 0x82, 0x03, 0xE5, 0x8D, 0xA1,
    0x03, 0xE6, 0x81, 0xB0, 0x03, 0xE6, 0xB4, 0xBD, 0x03, 0xE5, 0xB9, 0xB2, 0x03, 0xE7, 0x89, 0xB5,
    0x03, 0xE6, 0x89, 0xA6, 0x03, 0xE9, 0x92, 0x8E, 0x03, 0xE9, 0x93, 0x85, 0x03, 0xE5, 0x8D, 0x83,
    0x03, 0xE8, 0xBF, 0x81, 0x03, 0xE7, 0xAD, 0xBE, 0x03, 0xE4, 0xBB, 0x9F, 0x03, 0xE8, 0xB0, 0xA6,
    0x03, 0xE4, 0xB9, 0xBE, 0x03, 0xE9, 0xBB, 0x94, 0x03, 0xE9, 0x92, 0xB1, 0x03, 0xE9, 0x92, 0xB3,
    0x03, 0xE5, 0x89, 0x8D, 0x03, 0xE6, 0xBD, 0x9C, 0x03, 0xE9, 0x81, 0xA3, 0x03, 0xE6, 0xB5, 0x85,
    0x03, 0xE8, 0xB0, 0xB4, 0x03, 0xE5, 0xA0, 0x91, 0x03, 0xE5, 0xB5, 0x8C, 0x03, 0xE6, 0xAC, 0xA0,
    0x03, 0xE6, 0xAD, 0x89, 0x03, 0xE6, 0x9E, 0xAA, 0x03, 0xE5, 0x91, 0x9B, 0x03, 0xE8, 0x85, 0x94,
    0x03, 0xE7, 0xBE, 0x8C, 0x03, 0xE5, 0xA2, 0x99, 0x03, 0xE8, 0x94, 0xB7, 0x03, 0xE5, 0xBC, 0xBA,
    0x03, 0xE6, 0x8A, 0xA2, 0x03, 0xE6, 0xA9, 0x87, 0x03, 0xE9, 0x94, 0xB9, 0x03, 0xE6, 0x95, 0xB2,
    0x03, 0xE6, 0x82, 0x84, 0x03, 0xE6, 0xA1, 0xA5, 0x03, 0xE7, 0x9E, 0xA7, 0x03, 0xE4, 0xB9, 0x94,
    0x03, 0xE4, 0xBE, 0xA8, 0x03, 0xE5, 0xB7, 0xA7, 0x03, 0xE9, 0x9E, 0x98, 0x03, 0xE6, 0x92, 0xAC,
    0x03, 0xE7, 0xBF, 0x98, 0x03, 0xE5, 0xB3, 0xAD, 0x03, 0xE4, 0xBF, 0x8F, 0x03, 0xE7, 0xAA, 0x8D,
    0x03, 0xE5, 0x88, 0x87, 0x03, 0xE4, 0xB8, 0x94, 0x03, 0xE6, 0x80, 0xAF, 0x03, 0xE7, 0xAA, 0x83,
    0x03, 0xE9, 0x92, 0xA6, 0x03, 0xE4, 0xBE, 0xB5, 0x03, 0xE4, 0xBA, 0xB2, 0x03, 0xE7, 0xA7, 0xA6,
    0x03, 0xE7, 0x90, 0xB4, 0x03, 0xE5, 0x8B, 0xA4, 0x03, 0xE8, 0x8A, 0xB9, 0x03, 0xE6, 0x93, 0x92,
    0x03, 0xE7, 0xA6, 0xBD, 0x03, 0xE5, 0xAF, 0x9D, 0x03, 0xE6, 0xB2, 0x81, 0x03, 0xE9, 0x9D, 0x92,
    0x03, 0xE8, 0xBD, 0xBB, 0x03, 0xE6, 0xB0, 0xA2, 0x03, 0xE5, 0x80, 0xBE, 0x03, 0xE5, 0x8D, 0xBF,
    0x03, 0xE6, 0xB8, 0x85, 0x03, 0xE6, 0x93, 0x8E, 0x03, 0xE6, 0x99, 0xB4, 0x03, 0xE6, 0xB0, 0xB0,
    0x03, 0xE6, 0x83, 0x85, 0x03, 0xE9, 0xA1, 0xB7, 0x03, 0xE8, 0xAF, 0xB7, 0x03, 0xE5, 0xBA, 0x86,
    0x03, 0xE7, 0x90, 0xBC, 0x03, 0xE7, 0xA9, 0xB7, 0x03, 0xE7, 0xA7, 0x8B, 0x03, 0xE4, 0xB8, 0x98,
    0x03, 0xE9, 0x82, 0xB1, 0x03, 0xE7, 0x90, 0x83, 0x03, 0xE6, 0xB1, 0x82, 0x03, 0xE5, 0x9B, 0x9A,
    0x03, 0xE9, 0x85, 0x8B, 0x03, 0xE6, 0xB3, 0x85, 0x03, 0xE8, 0xB6, 0x8B, 0x03, 0xE5, 0x8C, 0xBA,
    0x03, 0xE8, 0x9B, 0x86, 0x03, 0xE6, 0x9B, 0xB2, 0x03, 0xE5, 0x8F, 0x96, 0x03, 0xE5, 0xA8, 0xB6,
    0x03, 0xE9, 0xBE, 0x8B, 0x03, 0xE8, 0xB6, 0xA3, 0x03, 0xE5, 0x8E, 0xBB, 0x03, 0xE5, 0x9C, 0x88,
    0x03, 0xE9, 0xA2, 0xA7, 0x03, 0xE6, 0x9D, 0x83, 0x03, 0xE9, 0x86, 0x9B, 0x03, 0xE6, 0xB3, 0x89,
    0x03, 0xE5, 0x85, 0xA8, 0x03, 0xE7, 0x97, 0x8A, 0x03, 0xE6, 0x8B, 0xB3, 0x03, 0xE7, 0x8A, 0xAC,
    0x03, 0xE5, 0x88, 0xB8, 0x03, 0xE5, 0x8A, 0x9D, 0x03, 0xE7, 0xBC, 0xBA, 0x03, 0xE7, 0x98, 0xB8,
    0x03, 0xE5, 0x8D, 0xB4, 0x03, 0xE9, 0xB9, 0x8A, 0x03, 0xE6, 0xA6, 0xB7, 0x03, 0xE7, 0xA1, 0xAE,
    0x03, 0xE9, 0x9B, 0x80, 0x06, 0xE7, 0xA1, 0xAE, 0xE8, 0xAE, 0xA4, 0x03, 0xE8, 0xA3, 0x99, 0x03,
    0xE7, 0xBE, 0xA4, 0x06, 0xE5, 0x8F, 0x96, 0xE6, 0xB6, 0x88, 0x03, 0xE7, 0x84, 0xB6, 0x03, 0xE7,
    0x87, 0x83, 0x03, 0xE5, 0x86, 0x89, 0x03, 0xE6, 0x9F, 0x93, 0x03, 0xE7, 0x93, 0xA4, 0x03, 0xE5,
    0xA3, 0xA4, 0x03, 0xE6, 0x94, 0x98, 0x03, 0xE5, 0x9A, 0xB7, 0x03, 0xE8, 0xAE, 0xA9, 0x03, 0xE9,
    0xA5, 0xB6, 0x03, 0xE6, 0x89, 0xB0, 0x03, 0xE7, 0xBB, 0x95, 0x03, 0xE6, 0x83, 0xB9, 0x03, 0xE7,
    0x83, 0xAD, 0x03, 0xE5, 0xA3, 0xAC, 0x03, 0xE4, 0xBB, 0x81, 0x03, 0xE4, 0xBA, 0xBA, 0x03, 0xE5,
    0xBF, 0x8D, 0x03, 0xE9, 0x9F, 0xA7, 0x03, 0xE4, 0xBB, 0xBB, 0x03, 0xE8, 0xAE, 0xA4, 0x03, 0xE5,
    0x88, 0x83, 0x03, 0xE5, 0xA6, 0x8A, 0x03, 0xE7, 0xBA, 0xAB, 0x03, 0xE6, 0x89, 0x94, 0x03, 0xE4,
    0xBB, 0x8D, 0x03, 0xE6, 0x97, 0xA5, 0x06, 0xE6, 0x97, 0xA5, 0xE5, 0xBF, 0x97, 0x03, 0xE6, 0x88,
    0x8E, 0x03, 0xE8, 0x8C, 0xB8, 0x03, 0xE8, 0x93, 0x89, 0x03, 0xE8, 0x8D, 0xA3, 0x03, 0xE8, 0x9E,
    0x8D, 0x03, 0xE7, 0x86, 0x94, 0x03, 0xE6, 0xBA, 0xB6, 0x03, 0xE5, 0xAE, 0xB9, 0x03, 0xE7, 0xBB,
    0x92, 0x03, 0xE5, 0x86, 0x97, 0x03, 0xE6, 0x8F, 0x89, 0x03, 0xE6, 0x9F, 0x94, 0x03, 0xE8, 0x82,
    0x89, 0x03, 0xE8, 0x8C, 0xB9, 0x03, 0xE8, 0xA0, 0x95, 0x03, 0xE5, 0x84, 0x92, 0x03, 0xE5, 0xAD,
    0xBA, 0x03, 0xE5, 0xA6, 0x82, 0x03, 0xE8, 0xBE, 0xB1, 0x03, 0xE4, 0xB9, 0xB3, 0x03, 0xE6, 0xB1,
    0x9D, 0x03, 0xE5, 0x85, 0xA5, 0x03, 0xE8, 0xA4, 0xA5, 0x03, 0xE8, 0xBD, 0xAF, 0x03, 0xE9, 0x98,
    0xAE, 0x03, 0xE8, 0x95, 0x8A, 0x03, 0xE7, 0x91, 0x9E, 0x03, 0xE9, 0x94, 0x90, 0x03, 0xE9, 0x97,
    0xB0, 0x03, 0xE6, 0xB6, 0xA6, 0x03, 0xE8, 0x8B, 0xA5, 0x03, 0xE5, 0xBC, 0xB1, 0x03, 0xE6, 0x92,
    0x92, 0x03, 0xE6, 0xB4, 0x92, 0x03, 0xE8, 0x90, 0xA8, 0x03, 0xE8, 0x85, 0xAE, 0x03, 0xE9, 0xB3,
    0x83, 0x03, 0xE4, 0xBC, 0x9E, 0x03, 0xE6, 0x95, 0xA3, 0x03, 0xE6, 0xA1, 0x91, 0x03, 0xE5, 0x97,
    0x93, 0x03, 0xE4, 0xB8, 0xA7, 0x03, 0xE6, 0x90, 0x94, 0x03, 0xE9, 0xAA, 0x9A, 0x03, 0xE6, 0x89,
    0xAB, 0x03, 0xE5, 0xAB, 0x82, 0x03, 0xE7, 0x91, 0x9F, 0x03, 0xE8, 0x89, 0xB2, 0x03, 0xE6, 0xB6,
    0xA9, 0x03, 0xE6, 0xA3, 0xAE, 0x03, 0xE5, 0x83, 0xA7, 0x03, 0xE8, 0x8E, 0x8E, 0x03, 0xE7, 0xA0,
    0x82, 0x03, 0xE6, 0x9D, 0x80, 0x03, 0xE5, 0x88, 0xB9, 0x03, 0xE6, 0xB2, 0x99, 0x03, 0xE7, 0xBA,
    0xB1, 0x03, 0xE5, 0x82, 0xBB, 0x03, 0xE5, 0x95, 0xA5, 0x03, 0xE7, 0x85, 0x9E, 0x03, 0xE5, 0x8E,
    0xA6, 0x03, 0xE8, 0x89, 0xB2, 0x03, 0xE7, 0xAD, 0x9B, 0x03, 0xE6, 0x99, 0x92, 0x03, 0xE5, 0x8D,
    0x95, 0x03, 0xE7, 0x8F, 0x8A, 0x03, 0xE8, 0x8B, 0xAB, 0x03, 0xE6, 0x9D, 0x89, 0x03, 0xE5, 0xB1,
    0xB1, 0x03, 0xE5, 0x88, 0xA0, 0x03, 0xE7, 0x85, 0xBD, 0x03, 0xE8, 0xA1, 0xAB, 0x03, 0xE9, 0x97,
    0xAA, 0x03, 0xE9, 0x99, 0x95, 0x03, 0xE6, 0x93, 0x85, 0x03, 0xE8, 0xB5, 0xA1, 0x03, 0xE8, 0x86,
    0xB3, 0x03, 0xE5, 0x96, 0x84, 0x03, 0xE6, 0xB1, 0x95, 0x03, 0xE6, 0x89, 0x87, 0x03, 0xE7, 0xBC,
    0xAE, 0x03, 0xE5, 0xA2, 0x92, 0x03, 0xE4, 0xBC, 0xA4, 0x03, 0xE5, 0x95, 0x86, 0x03, 0xE8, 0xB5,
    0x8F, 0x03, 0xE6, 0x99, 0x8C, 0x03, 0xE4, 0xB8, 0x8A, 0x03, 0xE5, 0xB0, 0x9A, 0x03, 0xE8, 0xA3,
    0xB3, 0x03, 0xE6, 0xA2, 0xA2, 0x03, 0xE6, 0x8D, 0x8E, 0x03, 0xE7, 0xA8, 0x8D, 0x03, 0xE7, 0x83,
    0xA7, 0x03, 0xE8, 0x8A, 0x8D, 0x03, 0xE5, 0x8B, 0xBA, 0x03, 0xE9, 0x9F, 0xB6, 0x03, 0xE5, 0xB0,
    0x91, 0x03, 0xE5, 0x93, 0xA8, 0x03, 0xE9, 0x82, 0xB5, 0x03, 0xE7, 0xBB, 0x8D, 0x03, 0xE5, 0xA5,
    0xA2, 0x03, 0xE8, 0xB5, 0x8A, 0x03, 0xE8, 0x9B, 0x87, 0x03, 0xE8, 0x88, 0x8C, 0x03, 0xE8, 0x88,
    0x8D, 0x03, 0xE8, 0xB5, 0xA6, 0x03, 0xE6, 0x91, 0x84, 0x03, 0xE5, 0xB0, 0x84, 0x03, 0xE6, 0x85,
    0x91, 0x03, 0xE6, 0xB6, 0x89, 0x03, 0xE7, 0xA4, 0xBE, 0x03, 0xE8, 0xAE, 0xBE, 0x03, 0xE5, 0x8F,
    0xB6, 0x03, 0xE6, 0x8A, 0x98, 0x06, 0xE8, 0xAE, 0xBE, 0xE5, 0xA4, 0x87, 0x03, 0xE7, 0xA0, 0xB7,
    0x03, 0xE7, 0x94, 0xB3, 0x03, 0xE5, 0x91, 0xBB, 0x03, 0xE4, 0xBC, 0xB8, 0x03, 0xE8, 0xBA, 0xAB,
    0x03, 0xE6, 0xB7, 0xB1, 0x03, 0xE5, 0xA8, 0xA0, 0x03, 0xE7, 0xBB, 0x85, 0x03, 0xE7, 0xA5, 0x9E,
    0x03, 0xE6, 0xB2, 0x88, 0x03, 0xE5, 0xAE, 0xA1, 0x03, 0xE5, 0xA9, 0xB6, 0x03, 0xE7, 0x94, 0x9A,
    0x03, 0xE8, 0x82, 0xBE, 0x03, 0xE6, 0x85, 0x8E, 0x03, 0xE6, 0xB8, 0x97, 0x03, 0xE4, 0xBB, 0x80,
    0x03, 0xE5, 0xA3, 0xB0, 0x03, 0xE7, 0x94, 0x9F, 0x03, 0xE7, 0x9C, 0x81, 0x03, 0xE7, 0x9B, 0x9B,
    0x03, 0xE5, 0x89, 0xA9, 0x03, 0xE8, 0x83, 0x9C, 0x03, 0xE5, 0x9C, 0xA3, 0x06, 0xE4, 0xBB, 0x80,
    0xE4, 0xB9, 0x88, 0x06, 0xE8, 0xAE, 0xBE, 0xE7, 0xBD, 0xAE, 0x03, 0xE5, 0x8C, 0x99, 0x03, 0xE5,
    0xB8, 0x88, 0x03, 0xE5, 0xA4, 0xB1, 0x03, 0xE7, 0x8B, 0xAE, 0x03, 0xE6, 0x96, 0xBD, 0x03, 0xE6,
    0xB9, 0xBF, 0x03, 0xE8, 0xAF, 0x97, 0x03, 0xE5, 0xB0, 0xB8, 0x03, 0xE8, 0x99, 0xB1, 0x03, 0xE5,
    0x8D, 0x81, 0x03, 0xE7, 0x9F, 0xB3, 0x03, 0xE6, 0x8B, 0xBE, 0x03, 0xE6, 0x97, 0xB6, 0x03, 0xE4,
    0xBB, 0x80, 0x03, 0xE9, 0xA3, 0x9F, 0x03, 0xE8, 0x9A, 0x80, 0x03, 0xE5, 0xAE, 0x9E, 0x03, 0xE8,
    0xAF, 0x86, 0x03, 0xE5, 0x8F, 0xB2, 0x03, 0xE7, 0x9F, 0xA2, 0x03, 0xE4, 0xBD, 0xBF, 0x03, 0xE5,
    0xB1, 0x8E, 0x03, 0xE9, 0xA9, 0xB6, 0x03, 0xE5, 0xA7, 0x8B, 0x06, 0xE5, 0xA4, 0xB1, 0xE8, 0xB4,
    0xA5, 0x06, 0xE6, 0x97, 0xB6, 0xE5, 0x80, 0x99, 0x06, 0xE4, 0xBB, 0x80, 0xE4, 0xB9, 0x88, 0x06,
    0xE8, 0xA7, 0x86, 0xE9, 0xA2, 0x91, 0x03, 0xE6, 0x94, 0xB6, 0x03, 0xE6, 0x89, 0x8B, 0x03, 0xE9,
    0xA6, 0x96, 0x03, 0xE5, 0xAE, 0x88, 0x03, 0xE5, 0xAF, 0xBF, 0x03, 0xE6, 0x8E, 0x88, 0x03, 0xE5,
    0x94, 0xAE, 0x03, 0xE5, 0x8F, 0x97, 0x03, 0xE7, 0x98, 0xA6, 0x03, 0xE5, 0x85, 0xBD, 0x06, 0xE6,
    0x89, 0x8B, 0xE6, 0x9C, 0xBA, 0x03, 0xE8, 0x94, 0xAC, 0x03, 0xE6, 0x9E, 0xA2, 0x03, 0xE6, 0xA2,
    0xB3, 0x03, 0xE6, 0xAE, 0x8A, 0x03, 0xE6, 0x8A, 0x92, 0x03, 0xE8, 0xBE, 0x93, 0x03, 0xE5, 0x8F,
    0x94, 0x03, 0xE8, 0x88, 0x92, 0x03, 0xE6, 0xB7, 0x91, 0x03, 0xE7, 0x96, 0x8F, 0x03, 0xE4, 0xB9,
    0xA6, 0x03, 0xE8, 0xB5, 0x8E, 0x03, 0xE5, 0xAD, 0xB0, 0x03, 0xE7, 0x86, 0x9F, 0x03, 0xE8, 0x96,
    0xAF, 0x03, 0xE6, 0x9A, 0x91, 0x03, 0xE6, 0x9B, 0x99, 0x03, 0xE7, 0xBD, 0xB2, 0x03, 0xE8, 0x9C,
    0x80, 0x03, 0xE9, 0xBB, 0x8D, 0x03, 0xE9, 0xBC, 0xA0, 0x03, 0xE5, 0xB1, 0x9E, 0x03, 0xE6, 0x9C,
    0xAF, 0x03, 0xE8, 0xBF, 0xB0, 0x03, 0xE5, 0x88, 0xB7, 0x03, 0xE8, 0x80, 0x8D, 0x03, 0xE7, 0x8E,
    0x87, 0x03, 0xE6, 0x91, 0x94, 0x03, 0xE8, 0xA1, 0xB0, 0x03, 0xE7, 0x94, 0xA9, 0x03, 0xE5, 0xB8,
    0x85, 0x03, 0xE6, 0xA0, 0x93, 0x03, 0xE6, 0x8B, 0xB4, 0x03, 0xE9, 0x9C, 0x9C, 0x03, 0xE5, 0x8F,
    0x8C, 0x03, 0xE7, 0x88, 0xBD, 0x03, 0xE8, 0xB0, 0x81, 0x03, 0xE6, 0xB0, 0xB4, 0x03, 0xE7, 0x9D,
    0xA1, 0x03, 0xE7, 0xA8, 0x8E, 0x03, 0xE8, 0xAF, 0xB4, 0x06, 0xE6, 0x95, 0xB0, 0xE6, 0x8D, 0xAE,
    0x03, 0xE5, 0x90, 0xAE, 0x03, 0xE7, 0x9E, 0xAC, 0x03, 0xE9, 0xA1, 0xBA, 0x03, 0xE8, 0x88, 0x9C,
    0x03, 0xE8, 0xAF, 0xB4, 0x03, 0xE7, 0xA1, 0x95, 0x03, 0xE6, 0x9C, 0x94, 0x03, 0xE7, 0x83, 0x81,
    0x06, 0xE8, 0xBE, 0x93, 0xE5, 0x85, 0xA5, 0x03, 0xE6, 0x96, 0xAF, 0x03, 0xE6, 0x92, 0x95, 0x03,
    0xE5, 0x98, 0xB6, 0x03, 0xE6, 0x80, 0x9D, 0x03, 0xE7, 0xA7, 0x81, 0x03, 0xE5, 0x8F, 0xB8, 0x03,
    0xE4, 0xB8, 0x9D, 0x03, 0xE6, 0xAD, 0xBB, 0x03, 0xE8, 0x82, 0x86, 0x03, 0xE5, 0xAF, 0xBA, 0x03,
    0xE5, 0x97, 0xA3, 0x03, 0xE5, 0x9B, 0x9B, 0x03, 0xE9, 0xA5, 0xB2, 0x03, 0xE5, 0xB7, 0xB3, 0x03,
    0xE6, 0x9D, 0xBE, 0x03, 0xE8, 0x80, 0xB8, 0x03, 0xE6, 0x80, 0x82, 0x03, 0xE9, 0xA2, 0x82, 0x03,
    0xE9, 0x80, 0x81, 0x03, 0xE5, 0xAE, 0x8B, 0x03, 0xE8, 0xAE, 0xBC, 0x03, 0xE8, 0xAF, 0xB5, 0x03,
    0xE6, 0x90, 0x9C, 0x03, 0xE8, 0x89, 0x98, 0x03, 0xE6, 0x93, 0x9E, 0x03, 0xE5, 0x97, 0xBD, 0x06,
    0xE6, 0x90, 0x9C, 0xE7, 0xB4, 0xA2, 0x03, 0xE8, 0x8B, 0x8F, 0x03, 0xE9, 0x85, 0xA5, 0x03, 0xE4,
    0xBF, 0x97, 0x03, 0xE7, 0xB4, 0xA0, 0x03, 0xE9, 0x80, 0x9F, 0x03, 0xE7, 0xB2, 0x9F, 0x03, 0xE5,
    0x83, 0xB3, 0x03, 0xE5, 0xA1, 0x91, 0x03, 0xE6, 0xBA, 0xAF, 0x03, 0xE5, 0xAE, 0xBF, 0x03, 0xE8,
    0xAF, 0x89, 0x03, 0xE8, 0x82, 0x83, 0x03, 0xE9, 0x85, 0xB8, 0x03, 0xE8, 0x92, 0x9C, 0x03, 0xE7,
    0xAE, 0x97, 0x06, 0xE9, 0x80, 0x9F, 0xE5, 0xBA, 0xA6, 0x06, 0xE9, 0x80, 0x9F, 0xE5, 0xBA, 0xA6,
    0x03, 0xE8, 0x99, 0xBD, 0x03, 0xE9, 0x9A, 0x8B, 0x03, 0xE9, 0x9A, 0x8F, 0x03, 0xE7, 0xBB, 0xA5,
    0x03, 0xE9, 0xAB, 0x93, 0x03, 0xE7, 0xA2, 0x8E, 0x03, 0xE5, 0xB2, 0x81, 0x03, 0xE7, 0xA9, 0x97,
    0x03, 0xE9, 0x81, 0x82, 0x03, 0xE9, 0x9A, 0xA7, 0x03, 0xE7, 0xA5, 0x9F, 0x03, 0xE5, 0xAD, 0x99,
    0x03, 0xE6, 0x8D, 0x9F, 0x03, 0xE7, 0xAC, 0x8B, 0x03, 0xE8, 0x93, 0x91, 0x03, 0xE6, 0xA2, 0xAD,
    0x03, 0xE5, 0x94, 0x86, 0x03, 0xE7, 0xBC, 0xA9, 0x03, 0xE7, 0x90, 0x90, 0x03, 0xE7, 0xB4, 0xA2,
    0x03, 0xE9, 0x94, 0x81, 0x03, 0xE6, 0x89, 0x80, 0x03, 0xE5, 0xA1, 0x8C, 0x03, 0xE7, 0x8D, 0xAD,
    0x03, 0xE6, 0x8C, 0x9E, 0x03, 0xE8, 0xB9, 0x8B, 0x03, 0xE8, 0xB8, 0x8F, 0x03, 0xE8, 0x83, 0x8E,
    0x03, 0xE8, 0x8B, 0x94, 0x03, 0xE6, 0x8A, 0xAC, 0x03, 0xE5, 0x8F, 0xB0, 0x03, 0xE6, 0xB3, 0xB0,
    0x03, 0xE9, 0x85, 0x9E, 0x03, 0xE5, 0xA4, 0xAA, 0x03, 0xE6, 0x80, 0x81, 0x03, 0xE6, 0xB1, 0xB0,
    0x06, 0xE4, 0xBB, 0x96, 0xE4, 0xBB, 0xAC, 0x06, 0xE5, 0xA5, 0xB9, 0xE4, 0xBB, 0xAC, 0x03, 0xE5,
    0xBC, 0xB9, 0x03, 0xE5, 0x9D, 0x8D, 0x03, 0xE6, 0x91, 0x8A, 0x03, 0xE8, 0xB4, 0xAA, 0x03, 0xE7,
    0x98, 0xAB, 0x03, 0xE6, 0xBB, 0xA9, 0x03, 0xE5, 0x9D, 0x9B, 0x03, 0xE6, 0xAA, 0x80, 0x03, 0xE7,
    0x97, 0xB0, 0x03, 0xE6, 0xBD, 0xAD, 0x03, 0xE8, 0xB0, 0xAD, 0x03, 0xE8, 0xB0, 0x88, 0x03, 0xE5,
    0x9D, 0xA6, 0x03, 0xE6, 0xAF, 0xAF, 0x03, 0xE8, 0xA2, 0x92, 0x03, 0xE7, 0xA2, 0xB3, 0x03, 0xE6,
    0x8E, 0xA2, 0x03, 0xE5, 0x8F, 0xB9, 0x03, 0xE7, 0x82, 0xAD, 0x03, 0xE6, 0xB1, 0xA4, 0x03, 0xE5,
    0xA1, 0x98, 0x03, 0xE6, 0x90, 0xAA, 0x03, 0xE5, 0xA0, 0x82, 0x03, 0xE6, 0xA3, 0xA0, 0x03, 0xE8,
    0x86, 0x9B, 0x03, 0xE5, 0x94, 0x90, 0x03, 0xE7, 0xB3, 0x96, 0x03, 0xE5, 0x80, 0x98, 0x03, 0xE8,
    0xBA, 0xBA, 0x03, 0xE6, 0xB7, 0x8C, 0x03, 0xE8, 0xB6, 0x9F, 0x03, 0xE7, 0x83, 0xAB, 0x03, 0xE6,
    0x8E, 0x8F, 0x03, 0xE6, 0xB6, 0x9B, 0x03, 0xE6, 0xBB, 0x94, 0x03, 0xE7, 0xBB, 0xA6, 0x03, 0xE8,
    0x90, 0x84, 0x03, 0xE6, 0xA1, 0x83, 0x03, 0xE9, 0x80, 0x83, 0x03, 0xE6, 0xB7, 0x98, 0x03, 0xE9,
    0x99, 0xB6, 0x03, 0xE8, 0xAE, 0xA8, 0x03, 0xE5, 0xA5, 0x97, 0x03, 0xE7, 0x89, 0xB9, 0x03, 0xE8,
    0x97, 0xA4, 0x03, 0xE8, 0x85, 0xBE, 0x03, 0xE7, 0x96, 0xBC, 0x03, 0xE8, 0xAA, 0x8A, 0x03, 0xE6,
    0xA2, 0xAF, 0x03, 0xE5, 0x89, 0x94, 0x03, 0xE8, 0xB8, 0xA2, 0x03, 0xE9, 0x94, 0x91, 0x03, 0xE6,
    0x8F, 0x90, 0x03, 0xE9, 0xA2, 0x98, 0x03, 0xE8, 0xB9, 0x84, 0x03, 0xE5, 0x95, 0xBC, 0x03, 0xE4,
    0xBD, 0x93, 0x03, 0xE6, 0x9B, 0xBF, 0x03, 0xE5, 0x9A, 0x8F, 0x03, 0xE6, 0x83, 0x95, 0x03, 0xE6,
    0xB6, 0x95, 0x03, 0xE5, 0x89, 0x83, 0x03, 0xE5, 0xB1, 0x89, 0x03, 0xE5, 0xA4, 0xA9, 0x03, 0xE6,
    0xB7, 0xBB, 0x03, 0xE5, 0xA1, 0xAB, 0x03, 0xE7, 0x94, 0xB0, 0x03, 0xE7, 0x94, 0x9C, 0x03, 0xE6,
    0x81, 0xAC, 0x03, 0xE8, 0x88, 0x94, 0x03, 0xE8, 0x85, 0x86, 0x06, 0xE5, 0xA4, 0xA9, 0xE6, 0xB0,
    0x94, 0x03, 0xE8, 0xB0, 0x83, 0x03, 0xE6, 0x8C, 0x91, 0x03, 0xE6, 0x9D, 0xA1, 0x03, 0xE8, 0xBF,
    0xA2, 0x03, 0xE7, 0x9C, 0xBA, 0x03, 0xE8, 0xB7, 0xB3, 0x03, 0xE8, 0xB4, 0xB4, 0x03, 0xE9, 0x93,
    0x81, 0x03, 0xE6, 0xB1, 0x80, 0x03, 0xE5, 0xBB, 0xB7, 0x03, 0xE5, 0x81, 0x9C, 0x03, 0xE4, 0xBA,
    0xAD, 0x03, 0xE5, 0xBA, 0xAD, 0x03, 0xE6, 0x8C, 0xBA, 0x03, 0xE8, 0x89, 0x87, 0x03, 0xE9, 0x80,
    0x9A, 0x03, 0xE6, 0xA1, 0x90, 0x03, 0xE9, 0x85, 0xAE, 0x03, 0xE7, 0x9E, 0xB3, 0x03, 0xE5, 0x90,
    0x8C, 0x03, 0xE9, 0x93, 0x9C, 0x03, 0xE5, 0xBD, 0xA4, 0x03, 0xE7, 0xAB, 0xA5, 0x03, 0xE6, 0xA1,
    0xB6, 0x03, 0xE6, 0x8D, 0x85, 0x03, 0xE7, 0xAD, 0x92, 0x03, 0xE7, 0xBB, 0x9F, 0x03, 0xE7, 0x97,
    0x9B, 0x03, 0xE5, 0x81, 0xB7, 0x03, 0xE6, 0x8A, 0x95, 0x03, 0xE5, 0xA4, 0xB4, 0x03, 0xE9, 0x80,
    0x8F, 0x03, 0xE5, 0x87, 0xB8, 0x03, 0xE7, 0xA7, 0x83, 0x03, 0xE7, 0xAA, 0x81, 0x03, 0xE5, 0x9B,
    0xBE, 0x03, 0xE5, 0xBE, 0x92, 0x03, 0xE9, 0x80, 0x94, 0x03, 0xE6, 0xB6, 0x82, 0x03, 0xE5, 0xB1,
    0xA0, 0x03, 0xE5, 0x9C, 0x9F, 0x03, 0xE5, 0x90, 0x90, 0x03, 0xE5, 0x85, 0x94, 0x03, 0xE6, 0xB9,
    0x8D, 0x03, 0xE5, 0x9B, 0xA2, 0x03, 0xE6, 0x8E, 0xA8, 0x03, 0xE9, 0xA2, 0x93, 0x03, 0xE8, 0x85,
    0xBF, 0x03, 0xE8, 0x9C, 0x95, 0x03, 0xE8, 0xA4, 0xAA, 0x03, 0xE9, 0x80, 0x80, 0x06, 0xE9, 0x80,
    0x80, 0xE5, 0x87, 0xBA, 0x03, 0xE5, 0x90, 0x9E, 0x03, 0xE5, 0xB1, 0xAF, 0x03, 0xE8, 0x87, 0x80,
    0x03, 0xE6, 0x8B, 0x96, 0x03, 0xE6, 0x89, 0x98, 0x03, 0xE8, 0x84, 0xB1, 0x03, 0xE9, 0xB8, 0xB5,
    0x03, 0xE9, 0x99, 0x80, 0x03, 0xE9, 0xA9, 0xAE, 0x03, 0xE9, 0xA9, 0xBC, 0x03, 0xE6, 0xA4, 0xAD,
    0x03, 0xE5, 0xA6, 0xA5, 0x03, 0xE6, 0x8B, 0x93, 0x03, 0xE5, 0x94, 0xBE, 0x06, 0xE5, 0x9B, 0xBE,
    0xE7, 0x89, 0x87, 0x03, 0xE6, 0x8C, 0x96, 0x03, 0xE5, 0x93, 0x87, 0x03, 0xE8, 0x9B, 0x99, 0x03,
    0xE6, 0xB4, 0xBC, 0x03, 0xE5, 0xA8, 0x83, 0x03, 0xE7, 0x93, 0xA6, 0x03, 0xE8, 0xA2, 0x9C, 0x03,
    0xE6, 0xAD, 0xAA, 0x03, 0xE5, 0xA4, 0x96, 0x03, 0xE8, 0xB1, 0x8C, 0x03, 0xE5, 0xBC, 0xAF, 0x03,
    0xE6, 0xB9, 0xBE, 0x03, 0xE7, 0x8E, 0xA9, 0x03, 0xE9, 0xA1, 0xBD, 0x03, 0xE4, 0xB8, 0xB8, 0x03,
    0xE7, 0x83, 0xB7, 0x03, 0xE5, 0xAE, 0x8C, 0x03, 0xE7, 0xA2, 0x97, 0x03, 0xE6, 0x8C, 0xBD, 0x03,
    0xE6, 0x99, 0x9A, 0x03, 0xE7, 0x9A, 0x96, 0x03, 0xE6, 0x83, 0x8B, 0x03, 0xE5, 0xAE, 0x9B, 0x03,
    0xE5, 0xA9, 0x89, 0x03, 0xE4, 0xB8, 0x87, 0x03, 0xE8, 0x85, 0x95, 0x03, 0xE6, 0xB1, 0xAA, 0x03,
    0xE7, 0x8E, 0x8B, 0x03, 0xE4, 0xBA, 0xA1, 0x03, 0xE6, 0x9E, 0x89, 0x03, 0xE7, 0xBD, 0x91, 0x03,
    0xE5, 0xBE, 0x80, 0x03, 0xE6, 0x97, 0xBA, 0x03, 0xE5, 0xB7, 0x8D, 0x03, 0xE5, 0xBE, 0xAE, 0x03,
    0xE5, 0x8D, 0xB1, 0x03, 0xE9, 0x9F, 0xA6, 0x03, 0xE8, 0xBF, 0x9D, 0x03, 0xE6, 0xA1, 0x85, 0x03,
    0xE5, 0x9B, 0xB4, 0x03, 0xE5, 0x94, 0xAF, 0x03, 0xE6, 0x83, 0x9F, 0x03, 0xE4, 0xB8, 0xBA, 0x03,
    0xE6, 0xBD, 0x8D, 0x03, 0xE7, 0xBB, 0xB4, 0x03, 0xE8, 0x8B, 0x87, 0x03, 0xE8, 0x90, 0x8E, 0x03,
    0xE5, 0xA7, 0x94, 0x03, 0xE4, 0xBC, 0x9F, 0x03, 0xE4, 0xBC, 0xAA, 0x03, 0xE5, 0xB0, 0xBE, 0x03,
    0xE7, 0xBA, 0xAC, 0x03, 0xE6, 0x9C, 0xAA, 0x03, 0xE8, 0x94, 0x9A, 0x03, 0xE5, 0x91, 0xB3, 0x03,
    0xE7, 0x95, 0x8F, 0x03, 0xE8, 0x83, 0x83, 0x03, 0xE7, 0x98, 0x9F, 0x03, 0xE6, 0xB8, 0xA9, 0x03,
    0xE8, 0x9A, 0x8A, 0x03, 0xE6, 0x96, 0x87, 0x03, 0xE9, 0x97, 0xBB, 0x03, 0xE7, 0xBA, 0xB9, 0x03,
    0xE5, 0x90, 0xBB, 0x03, 0xE7, 0xA8, 0xB3, 0x03, 0xE7, 0xB4, 0x8A, 0x03, 0xE9, 0x97, 0xAE, 0x06,
    0xE6, 0xB8, 0xA9, 0xE5, 0xBA, 0xA6, 0x06, 0xE6, 0xB8, 0xA9, 0xE5, 0xBA, 0xA6, 0x03, 0xE5, 0x97,
    0xA1, 0x03, 0xE7, 0xBF, 0x81, 0x03, 0xE7, 0x93, 0xAE, 0x06, 0xE9, 0x97, 0xAE, 0xE9, 0xA2, 0x98,
    0x06, 0xE6, 0x96, 0x87, 0xE5, 0xAD, 0x97, 0x03, 0xE6, 0x8C, 0x9D, 0x03, 0xE8, 0x9C, 0x97, 0x03,
    0xE6, 0xB6, 0xA1, 0x03, 0xE7, 0xAA, 0x9D, 0x03, 0xE6, 0x88, 0x91, 0x03, 0xE6, 0x96, 0xA1, 0x03,
    0xE5, 0x8D, 0xA7, 0x03, 0xE6, 0x8F, 0xA1, 0x03, 0xE6, 0xB2, 0x83, 0x06, 0xE6, 0x88, 0x91, 0xE4,
    0xBB, 0xAC, 0x03, 0xE5, 0xB7, 0xAB, 0x03, 0xE5, 0x91, 0x9C, 0x03, 0xE9, 0x92, 0xA8, 0x03, 0xE4,
    0xB9, 0x8C, 0x03, 0xE6, 0xB1, 0xA1, 0x03, 0xE8, 0xAF, 0xAC, 0x03, 0xE5, 0xB1, 0x8B, 0x03, 0xE6,
    0x97, 0xA0, 0x03, 0xE8, 0x8A, 0x9C, 0x03, 0xE6, 0xA2, 0xA7, 0x03, 0xE5, 0x90, 0xBE, 0x03, 0xE5,
    0x90, 0xB4, 0x03, 0xE6, 0xAF, 0x8B, 0x03, 0xE6, 0xAD, 0xA6, 0x03, 0xE4, 0xBA, 0x94, 0x03, 0xE6,
    0x8D, 0x82, 0x03, 0xE5, 0x8D, 0x88, 0x03, 0xE8, 0x88, 0x9E, 0x03, 0xE4, 0xBC, 0x8D, 0x03, 0xE4,
    0xBE, 0xAE, 0x03, 0xE5, 0x9D, 0x9E, 0x03, 0xE6, 0x88, 0x8A, 0x03, 0xE9, 0x9B, 0xBE, 0x03, 0xE6,
    0x99, 0xA4, 0x06, 0xE6, 0xAD, 0xA6, 0xE6, 0xB1, 0x89, 0x03, 0xE6, 0x98, 0x94, 0x03, 0xE7, 0x86,
    0x99, 0x03, 0xE6, 0x9E, 0x90, 0x03, 0xE8, 0xA5, 0xBF, 0x03, 0xE7, 0xA1, 0x92, 0x03, 0xE7, 0x9F,
    0xBD, 0x03, 0xE6, 0x99, 0xB0, 0x03, 0xE7, 0xA8, 0x80, 0x03, 0xE6, 0x81, 0xAF, 0x03, 0xE5, 0xB8,
    0x8C, 0x03, 0xE6, 0x82, 0x89, 0x03, 0xE8, 0x86, 0x9D, 0x03, 0xE5, 0xA4, 0x95, 0x03, 0xE6, 0x83,
    0x9C, 0x03, 0xE7, 0x86, 0x84, 0x03, 0xE7, 0x83, 0xAF, 0x03, 0xE6, 0xBA, 0xAA, 0x03, 0xE6, 0xB1,
    0x90, 0x03, 0xE7, 0x8A, 0x80, 0x03, 0xE6, 0xAA, 0x84, 0x03, 0xE8, 0xA2, 0xAD, 0x03, 0xE5, 0xB8,
    0xAD, 0x03, 0xE4, 0xB9, 0xA0, 0x03, 0xE5, 0xAA, 0xB3, 0x03, 0xE7, 0x9E, 0x8E, 0x03, 0xE8, 0x99,
    0xBE, 0x03, 0xE5, 0x8C, 0xA3, 0x03, 0xE9, 0x9C, 0x9E, 0x03, 0xE8, 0xBE, 0x96, 0x03, 0xE6, 0x9A,
    0x87, 0x03, 0xE5, 0xB3, 0xA1, 0x03, 0xE4, 0xBE, 0xA0, 0x03, 0xE7, 0x8B, 0xAD, 0x03, 0xE4, 0xB8,
    0x8B, 0x03, 0xE5, 0xA4, 0x8F, 0x03, 0xE5, 0x90, 0x93, 0x03, 0xE6, 0x8E, 0x80, 0x03, 0xE9, 0x94,
    0xA8, 0x03, 0xE5, 0x85, 0x88, 0x03, 0xE4, 0xBB, 0x99, 0x03, 0xE9, 0xB2, 0x9C, 0x03, 0xE7, 0xBA,
    0xA4, 0x03, 0xE5, 0x92, 0xB8, 0x03, 0xE8, 0xB4, 0xA4, 0x03, 0xE8, 0xA1, 0x94, 0x03, 0xE8, 0x88,
    0xB7, 0x03, 0xE9, 0x97, 0xB2, 0x03, 0xE6, 0xB6, 0x8E, 0x03, 0xE5, 0xBC, 0xA6, 0x03, 0xE5, 0xAB,
    0x8C, 0x03, 0xE6, 0x98, 0xBE, 0x03, 0xE9, 0x99, 0xA9, 0x03, 0xE7, 0x8E, 0xB0, 0x03, 0xE7, 0x8C,
    0xAE, 0x03, 0xE5, 0x8E, 0xBF, 0x03, 0xE8, 0x85, 0xBA, 0x03, 0xE9, 0xA6, 0x85, 0x03, 0xE7, 0xBE,
    0xA1, 0x03, 0xE5, 0xAE, 0xAA, 0x03, 0xE9, 0x99, 0xB7, 0x03, 0xE9, 0x99, 0x8D, 0x03, 0xE7, 0x9B,
    0xB8, 0x03, 0xE5, 0x8E, 0xA2, 0x03, 0xE9, 0x95, 0xB6, 0x03, 0xE9, 0xA6, 0x99, 0x03, 0xE7, 0xAE,
    0xB1, 0x03, 0xE8, 0xA5, 0x84, 0x03, 0xE6, 0xB9, 0x98, 0x03, 0xE4, 0xB9, 0xA1, 0x03, 0xE7, 0xBF,
    0x94, 0x03, 0xE7, 0xA5, 0xA5, 0x03, 0xE8, 0xAF, 0xA6, 0x03, 0xE6, 0x83, 0xB3, 0x03, 0xE5, 0x93,
    0x8D, 0x03, 0xE4, 0xBA, 0xAB, 0x03, 0xE9, 0xA1, 0xB9, 0x03, 0xE5, 0xB7, 0xB7, 0x03, 0xE6, 0xA9,
    0xA1, 0x03, 0xE5, 0x83, 0x8F, 0x03, 0xE5, 0x90, 0x91, 0x03, 0xE8, 0xB1, 0xA1, 0x03, 0xE8, 0x90,
    0xA7, 0x03, 0xE7, 0xA1, 0x9D, 0x03, 0xE9, 0x9C, 0x84, 0x03, 0xE5, 0x93, 0xAE, 0x03, 0xE5, 0x9A,
    0xA3, 0x03, 0xE9, 0x94, 0x80, 0x03, 0xE5, 0xB0, 0x8F, 0x03, 0xE5, 0xAD, 0x9D, 0x03, 0xE6, 0xA0,
    0xA1, 0x03, 0xE8, 0x82, 0x96, 0x03, 0xE5, 0x95, 0xB8, 0x03, 0xE7, 0xAC, 0x91, 0x03, 0xE6, 0x95,
    0x88, 0x06, 0xE4, 0xB8, 0x8B, 0xE8, 0xBD, 0xBD, 0x03, 0xE8, 0xA7, 0xA3, 0x03, 0xE6, 0xA5, 0x94,
    0x03, 0xE4, 0xBA, 0x9B, 0x03, 0xE6, 0xAD, 0x87, 0x03, 0xE8, 0x9D, 0x8E, 0x03, 0xE9, 0x9E, 0x8B,
    0x03, 0xE5, 0x8D, 0x8F, 0x03, 0xE6, 0x8C, 0x9F, 0x03, 0xE6, 0x90, 0xBA, 0x03, 0xE9, 0x82, 0xAA,
    0x03, 0xE6, 0x96, 0x9C, 0x03, 0xE8, 0x83, 0x81, 0x03, 0xE8, 0xB0, 0x90, 0x03, 0xE5, 0x86, 0x99,
    0x03, 0xE6, 0xA2, 0xB0, 0x03, 0xE5, 0x8D, 0xB8, 0x03, 0xE8, 0x9F, 0xB9, 0x03, 0xE6, 0x87, 0x88,
    0x03, 0xE6, 0xB3, 0x84, 0x03, 0xE6, 0xB3, 0xBB, 0x03, 0xE8, 0xB0, 0xA2, 0x03, 0xE5, 0xB1, 0x91,
    0x03, 0xE8, 0xA1, 0x80, 0x06, 0xE8, 0xB0, 0xA2, 0xE8, 0xB0, 0xA2, 0x03, 0xE8, 0x96, 0xAA, 0x03,
    0xE8, 0x8A, 0xAF, 0x03, 0xE9, 0x94, 0x8C, 0x03, 0xE6, 0xAC, 0xA3, 0x03, 0xE8, 0xBE, 0x9B, 0x03,
    0xE6, 0x96, 0xB0, 0x03, 0xE5, 0xBF, 0xBB, 0x03, 0xE5, 0xBF, 0x83, 0x03, 0xE4, 0xBF, 0xA1, 0x03,
    0xE8, 0xA1, 0x85, 0x03, 0xE6, 0x98, 0x9F, 0x03, 0xE8, 0x85, 0xA5, 0x03, 0xE7, 0x8C, 0xA9, 0x03,
    0xE6, 0x83, 0xBA, 0x03, 0xE5, 0x85, 0xB4, 0x03, 0xE5, 0x88, 0x91, 0x03, 0xE5, 0x9E, 0x8B, 0x03,
    0xE5, 0xBD, 0xA2, 0x03, 0xE9, 0x82, 0xA2, 0x03, 0xE8, 0xA1, 0x8C, 0x03, 0xE9, 0x86, 0x92, 0x03,
    0xE5, 0xB9, 0xB8, 0x03, 0xE6, 0x9D, 0x8F, 0x03, 0xE6, 0x80, 0xA7, 0x03, 0xE5, 0xA7, 0x93, 0x06,
    0xE4, 0xBF, 0xA1, 0xE5, 0x8F, 0xB7, 0x06, 0xE6, 0x96, 0xB0, 0xE9, 0x97, 0xBB, 0x06, 0xE4, 0xBF,
    0xA1, 0xE6, 0x81, 0xAF, 0x03, 0xE5, 0x85, 0x84, 0x03, 0xE5, 0x87, 0xB6, 0x03, 0xE8, 0x83, 0xB8,
    0x03, 0xE5, 0x8C, 0x88, 0x03, 0xE6, 0xB1, 0xB9, 0x03, 0xE9, 0x9B, 0x84, 0x03, 0xE7, 0x86, 0x8A,
    0x06, 0xE7, 0xB3, 0xBB, 0xE7, 0xBB, 0x9F, 0x03, 0xE5, 0xAE, 0xBF, 0x03, 0xE4, 0xBC, 0x91, 0x03,
    0xE4, 0xBF, 0xAE, 0x03, 0xE7, 0xBE, 0x9E, 0x03, 0xE6, 0x9C, 0xBD, 0x03, 0xE5, 0x97, 0x85, 0x03,
    0xE9, 0x94, 0x88, 0x03, 0xE7, 0xA7, 0x80, 0x03, 0xE8, 0xA2, 0x96, 0x03, 0xE7, 0xBB, 0xA3, 0x06,
    0xE4, 0xBC, 0x91, 0xE6, 0x81, 0xAF, 0x03, 0xE5, 0xA2, 0x9F, 0x03, 0xE6, 0x88, 0x8C, 0x03, 0xE9,
    0x9C, 0x80, 0x03, 0xE8, 0x99, 0x9A, 0x03, 0xE5, 0x98, 0x98, 0x03, 0xE9, 0xA1, 0xBB, 0x03, 0xE5,
    0xBE, 0x90, 0x03, 0xE8, 0xAE, 0xB8, 0x03, 0xE8, 0x93, 0x84, 0x03, 0xE9, 0x85, 0x97, 0x03, 0xE5,
    0x8F, 0x99, 0x03, 0xE6, 0x97, 0xAD, 0x03, 0xE5, 0xBA, 0x8F, 0x03, 0xE7, 0x95, 0x9C, 0x03, 0xE6,
    0x81, 0xA4, 0x03, 0xE7, 0xB5, 0xAE, 0x03, 0xE5, 0xA9, 0xBF, 0x03, 0xE7, 0xBB, 0xAA, 0x03, 0xE7,
    0xBB, 0xAD, 0x03, 0xE5, 0x90, 0x81, 0x03, 0xE8, 0xBD, 0xA9, 0x03, 0xE5, 0x96, 0xA7, 0x03, 0xE9,
    0x80, 0x89, 0x03, 0xE7, 0x99, 0xA3, 0x03, 0xE7, 0x9C, 0xA9, 0x03, 0xE7, 0xBB, 0x9A, 0x06, 0xE9,
    0x80, 0x89, 0xE6, 0x8B, 0xA9, 0x03, 0xE5, 0x89, 0x8A, 0x03, 0xE9, 0x9D, 0xB4, 0x03, 0xE8, 0x96,
    0x9B, 0x03, 0xE5, 0xAD, 0xA6, 0x03, 0xE7, 0xA9, 0xB4, 0x03, 0xE9, 0x9B, 0xAA, 0x03, 0xE8, 0xA1,
    0x80, 0x06, 0xE5, 0xAD, 0xA6, 0xE4, 0xB9, 0xA0, 0x03, 0xE5, 0x8B, 0x8B, 0x03, 0xE7, 0x86, 0x8F,
    0x03, 0xE5, 0xBE, 0xAA, 0x03, 0xE6, 0x97, 0xAC, 0x03, 0xE8, 0xAF, 0xA2, 0x03, 0xE5, 0xAF, 0xBB,
    0x03, 0xE9, 0xA9, 0xAF, 0x03, 0xE5, 0xB7, 0xA1, 0x03, 0xE6, 0xAE, 0x89, 0x03, 0xE6, 0xB1, 0x9B,
    0x03, 0xE8, 0xAE, 0xAD, 0x03, 0xE8, 0xAE, 0xAF, 0x03, 0xE9, 0x80, 0x8A, 0x03, 0xE8, 0xBF, 0x85,
    0x03, 0xE5, 0x8E, 0x8B, 0x03, 0xE6, 0x8A, 0xBC, 0x03, 0xE9, 0xB8, 0xA6, 0x03, 0xE9, 0xB8, 0xAD,
    0x03, 0xE5, 0x91, 0x80, 0x03, 0xE4, 0xB8, 0xAB, 0x03, 0xE8, 0x8A, 0xBD, 0x03, 0xE7, 0x89, 0x99,
    0x03, 0xE8, 0x9A, 0x9C, 0x03, 0xE5, 0xB4, 0x96, 0x03, 0xE8, 0xA1, 0x99, 0x03, 0xE6, 0xB6, 0xAF,
    0x03, 0xE9, 0x9B, 0x85, 0x03, 0xE5, 0x93, 0x91, 0x03, 0xE4, 0xBA, 0x9A, 0x03, 0xE8, 0xAE, 0xB6,
    0x03, 0xE7, 0x84, 0x89, 0x03, 0xE5, 0x92, 0xBD, 0x03, 0xE9, 0x98, 0x89, 0x03, 0xE7, 0x83, 0x9F,
    0x03, 0xE6, 0xB7, 0xB9, 0x03, 0xE7, 0x9B, 0x90, 0x03, 0xE4, 0xB8, 0xA5, 0x03, 0xE7, 0xA0, 0x94,
    0x03, 0xE8, 0x9C, 0x92, 0x03, 0xE5, 0xB2, 0xA9, 0x03, 0xE5, 0xBB, 0xB6, 0x03, 0xE8, 0xA8, 0x80,
    0x03, 0xE9, 0xA2, 0x9C, 0x03, 0xE9, 0x98, 0x8E, 0x03, 0xE7, 0x82, 0x8E, 0x03, 0xE6, 0xB2, 0xBF,
    0x03, 0xE5, 0xA5, 0x84, 0x03, 0xE6, 0x8E, 0xA9, 0x03, 0xE7, 0x9C, 0xBC, 0x03, 0xE8, 0xA1, 0x8D,
    0x03, 0xE6, 0xBC, 0x94, 0x03, 0xE8, 0x89, 0xB3, 0x03, 0xE5, 0xA0, 0xB0, 0x03, 0xE7, 0x87, 0x95,
    0x03, 0xE6, 0xAE, 0x83, 0x03, 0xE5, 0xA4, 0xAE, 0x03, 0xE9, 0xB8, 0xAF, 0x03, 0xE7, 0xA7, 0xA7,
    0x03, 0xE6, 0x9D, 0xA8, 0x03, 0xE6, 0x89, 0xAC, 0x03, 0xE4, 0xBD, 0xAF, 0x03, 0xE7, 0x96, 0xA1,
    0x03, 0xE7, 0xBE, 0x8A, 0x03, 0xE6, 0xB4, 0x8B, 0x03, 0xE9, 0x98, 0xB3, 0x03, 0xE6, 0xB0, 0xA7,
    0x03, 0xE4, 0xBB, 0xB0, 0x03, 0xE7, 0x97, 0x92, 0x03, 0xE5, 0x85, 0xBB, 0x03, 0xE6, 0xA0, 0xB7,
    0x03, 0xE6, 0xBC, 0xBE, 0x03, 0xE6, 0x91, 0x87, 0x03, 0xE5, 0xB0, 0xA7, 0x03, 0xE9, 0x81, 0xA5,
    0x03, 0xE7, 0xAA, 0x91, 0x03, 0xE8, 0xB0, 0xA3, 0x03, 0xE5, 0xA7, 0x9A, 0x03, 0xE5, 0x92, 0xAC,
    0x03, 0xE8, 0x88, 0x80, 0x03, 0xE8, 0x8D, 0xAF, 0x03, 0xE8, 0xA6, 0x81, 0x03, 0xE8, 0x80, 0x80,
    0x03, 0xE9, 0x92, 0xA5, 0x03, 0xE5, 0x92, 0xBD, 0x03, 0xE6, 0xA4, 0xB0, 0x03, 0xE5, 0x99, 0x8E,
    0x03, 0xE8, 0x80, 0xB6, 0x03, 0xE7, 0x88, 0xB7, 0x03, 0xE9, 0x87, 0x8E, 0x03, 0xE5, 0x86, 0xB6,
    0x03, 0xE4, 0xB9, 0x9F, 0x03, 0xE9, 0xA1, 0xB5, 0x03, 0xE6, 0x8E, 0x96, 0x03, 0xE4, 0xB8, 0x9A,
    0x03, 0xE5, 0x8F, 0xB6, 0x03, 0xE6, 0x9B, 0xB3, 0x03, 0xE8, 0x85, 0x8B, 0x03, 0xE5, 0xA4, 0x9C,
    0x03, 0xE6, 0xB6, 0xB2, 0x03, 0xE4, 0xB8, 0x80, 0x03, 0xE5, 0xA3, 0xB9, 0x03, 0xE5, 0x8C, 0xBB,
    0x03, 0xE6, 0x8F, 0x96, 0x03, 0xE9, 0x93, 0xB1, 0x03, 0xE4, 0xBE, 0x9D, 0x03, 0xE4, 0xBC, 0x8A,
    0x03, 0xE8, 0xA1, 0xA3, 0x03, 0xE9, 0xA2, 0x90, 0x03, 0xE5, 0xA4, 0xB7, 0x03, 0xE9, 0x81, 0x97,
    0x03, 0xE7, 0xA7, 0xBB, 0x03, 0xE4, 0xBB, 0xAA, 0x03, 0xE8, 0x83, 0xB0, 0x03, 0xE7, 0x96, 0x91,
    0x03, 0xE6, 0xB2, 0x82, 0x03, 0xE5, 0xAE, 0x9C, 0x03, 0xE5, 0xA7, 0xA8, 0x03, 0xE5, 0xBD, 0x9D,
    0x03, 0xE6, 0xA4, 0x85, 0x03, 0xE8, 0x9A, 0x81, 0x03, 0xE5, 0x80, 0x9A, 0x03, 0xE5, 0xB7, 0xB2,
    0x03, 0xE4, 0xB9, 0x99, 0x06, 0xE4, 0xBB, 0xA5, 0xE5, 0x90, 0x8E, 0x03, 0xE8, 0x8C, 0xB5, 0x03,
    0xE8, 0x8D, 0xAB, 0x03, 0xE5, 0x9B, 0xA0, 0x03, 0xE6, 0xAE, 0xB7, 0x03, 0xE9, 0x9F, 0xB3, 0x03,
    0xE9, 0x98, 0xB4, 0x03, 0xE5, 0xA7, 0xBB, 0x03, 0xE5, 0x90, 0x9F, 0x03, 0xE9, 0x93, 0xB6, 0x03,
    0xE6, 0xB7, 0xAB, 0x03, 0xE5, 0xAF, 0x85, 0x03, 0xE5, 0x8D, 0xB0, 0x03, 0xE8, 0x8B, 0xB1, 0x03,
    0xE6, 0xA8, 0xB1, 0x03, 0xE5, 0xA9, 0xB4, 0x03, 0xE9, 0xB9, 0xB0, 0x03, 0xE5, 0xBA, 0x94, 0x03,
    0xE7, 0xBC, 0xA8, 0x03, 0xE8, 0x8E, 0xB9, 0x03, 0xE8, 0x90, 0xA4, 0x03, 0xE8, 0x90, 0xA5, 0x03,
    0xE8, 0x8D, 0xA7, 0x03, 0xE8, 0x9D, 0x87, 0x03, 0xE8, 0xBF, 0x8E, 0x03, 0xE8, 0xB5, 0xA2, 0x03,
    0xE7, 0x9B, 0x88, 0x03, 0xE5, 0xBD, 0xB1, 0x03, 0xE9, 0xA2, 0x96, 0x03, 0xE7, 0xA1, 0xAC, 0x03,
    0xE6, 0x98, 0xA0, 0x06, 0xE9, 0x9F, 0xB3, 0xE4, 0xB9, 0x90, 0x06, 0xE9, 0x9F, 0xB3, 0xE4, 0xB9,
    0x90, 0x03, 0xE5, 0x93, 0x9F, 0x03, 0xE6, 0x8B, 0xA5, 0x03, 0xE4, 0xBD, 0xA3, 0x03, 0xE8, 0x87,
    0x83, 0x03, 0xE7, 0x97, 0x88, 0x03, 0xE5, 0xBA, 0xB8, 0x03, 0xE9, 0x9B, 0x8D, 0x03, 0xE8, 0xB8,
    0x8A, 0x03, 0xE8, 0x9B, 0xB9, 0x03, 0xE5, 0x92, 0x8F, 0x03, 0xE6, 0xB3, 0xB3, 0x03, 0xE6, 0xB6,
    0x8C, 0x03, 0xE6, 0xB0, 0xB8, 0x03, 0xE6, 0x81, 0xBF, 0x03, 0xE5, 0x8B, 0x87, 0x03, 0xE7, 0x94,
    0xA8, 0x06, 0xE7, 0x94, 0xA8, 0xE6, 0x88, 0xB7, 0x03, 0xE5, 0xB9, 0xBD, 0x03, 0xE4, 0xBC, 0x98,
    0x03, 0xE6, 0x82, 0xA0, 0x03, 0xE5, 0xBF, 0xA7, 0x03, 0xE5, 0xB0, 0xA4, 0x03, 0xE7, 0x94, 0xB1,
    0x03, 0xE9, 0x82, 0xAE, 0x03, 0xE9, 0x93, 0x80, 0x03, 0xE7, 0x8A, 0xB9, 0x03, 0xE6, 0xB2, 0xB9,
    0x03, 0xE6, 0xB8, 0xB8, 0x03, 0xE9, 0x85, 0x89, 0x03, 0xE6, 0x9C, 0x89, 0x03, 0xE5, 0x8F, 0x8B,
    0x03, 0xE5, 0x8F, 0xB3, 0x03, 0xE4, 0xBD, 0x91, 0x03, 0xE9, 0x87, 0x89, 0x03, 0xE8, 0xAF, 0xB1,
    0x03, 0xE5, 0x8F, 0x88, 0x03, 0xE5, 0xB9, 0xBC, 0x03, 0xE8, 0xBF, 0x82, 0x03, 0xE6, 0xB7, 0xA4,
    0x03, 0xE4, 0xBA, 0x8E, 0x03, 0xE7, 0x9B, 0x82, 0x03, 0xE6, 0xA6, 0x86, 0x03, 0xE8, 0x99, 0x9E,
    0x03, 0xE6, 0x84, 0x9A, 0x03, 0xE8, 0x88, 0x86, 0x03, 0xE4, 0xBD, 0x99, 0x03, 0xE4, 0xBF, 0x9E,
    0x03, 0xE9, 0x80, 0xBE, 0x03, 0xE9, 0xB1, 0xBC, 0x03, 0xE6, 0x84, 0x89, 0x03, 0xE6, 0xB8, 0x9D,
    0x03, 0xE6, 0xB8, 0x94, 0x03, 0xE9, 0x9A, 0x85, 0x03, 0xE4, 0xBA, 0x88, 0x03, 0xE5, 0xA8, 0xB1,
    0x03, 0xE9, 0x9B, 0xA8, 0x03, 0xE4, 0xB8, 0x8E, 0x03, 0xE5, 0xB1, 0xBF, 0x03, 0xE7, 0xA6, 0xB9,
    0x03, 0xE5, 0xAE, 0x87, 0x03, 0xE8, 0xAF, 0xAD, 0x03, 0xE9, 0xB8, 0xB3, 0x03, 0xE6, 0xB8, 0x8A,
    0x03, 0xE5, 0x86, 0xA4, 0x03, 0xE5, 0x85, 0x83, 0x03, 0xE5, 0x9E, 0xA3, 0x03, 0xE8, 0xA2, 0x81,
    0x03, 0xE5, 0x8E, 0x9F, 0x03, 0xE6, 0x8F, 0xB4, 0x03, 0xE8, 0xBE, 0x95, 0x03, 0xE5, 0x9B, 0xAD,
    0x03, 0xE5, 0x91, 0x98, 0x03, 0xE5, 0x9C, 0x86, 0x03, 0xE7, 0x8C, 0xBF, 0x03, 0xE6, 0xBA, 0x90,
    0x03, 0xE7, 0xBC, 0x98, 0x03, 0xE8, 0xBF, 0x9C, 0x03, 0xE8, 0x8B, 0x91, 0x03, 0xE6, 0x84, 0xBF,
    0x03, 0xE6, 0x80, 0xA8, 0x03, 0xE9, 0x99, 0xA2, 0x06, 0xE9, 0xA2, 0x84, 0xE6, 0x8A, 0xA5, 0x03,
    0xE4, 0xB9, 0x90, 0x03, 0xE6, 0x9B, 0xB0, 0x03, 0xE7, 0xBA, 0xA6, 0x03, 0xE8, 0xB6, 0x8A, 0x03,
    0xE8, 0xB7, 0x83, 0x03, 0xE5, 0xB2, 0xB3, 0x03, 0xE7, 0xB2, 0xA4, 0x03, 0xE6, 0x9C, 0x88, 0x03,
    0xE6, 0x82, 0xA6, 0x03, 0xE9, 0x98, 0x85, 0x03, 0xE8, 0x80, 0x98, 0x03, 0xE4, 0xBA, 0x91, 0x03,
    0xE9, 0x83, 0xA7, 0x03, 0xE5, 0x8C, 0x80, 0x03, 0xE9, 0x99, 0xA8, 0x03, 0xE5, 0x85, 0x81, 0x03,
    0xE8, 0xBF, 0x90, 0x03, 0xE8, 0x95, 0xB4, 0x03, 0xE9, 0x85, 0x9D, 0x03, 0xE6, 0x99, 0x95, 0x03,
    0xE9, 0x9F, 0xB5, 0x03, 0xE5, 0xAD, 0x95, 0x03, 0xE5, 0x8C, 0x9D, 0x03, 0xE7, 0xA0, 0xB8, 0x03,
    0xE6, 0x9D, 0x82, 0x03, 0xE5, 0x92, 0x8B, 0x03, 0xE6, 0xA0, 0xBD, 0x03, 0xE5, 0x93, 0x89, 0x03,
    0xE7, 0x81, 0xBE, 0x03, 0xE5, 0xAE, 0xB0, 0x03, 0xE8, 0xBD, 0xBD, 0x03, 0xE5, 0x86, 0x8D, 0x03,
    0xE5, 0x9C, 0xA8, 0x03, 0xE4, 0xBB, 0x94, 0x03, 0xE5, 0x92, 0xB1, 0x03, 0xE6, 0x94, 0x92, 0x03,
    0xE6, 0x9A, 0x82, 0x03, 0xE8, 0xB5, 0x9E, 0x03, 0xE8, 0x97, 0x8F, 0x03, 0xE8, 0xB5, 0x83, 0x03,
    0xE8, 0x84, 0x8F, 0x03, 0xE8, 0x91, 0xAC, 0x03, 0xE9, 0x81, 0xAD, 0x03, 0xE7, 0xB3, 0x9F, 0x03,
    0xE5, 0x87, 0xBF, 0x03, 0xE8, 0x97, 0xBB, 0x03, 0xE6, 0x9E, 0xA3, 0x03, 0xE6, 0x97, 0xA9, 0x03,
    0xE6, 0xBE, 0xA1, 0x03, 0xE8, 0x9A, 0xA4, 0x03, 0xE8, 0xBA, 0x81, 0x03, 0xE5, 0x99, 0xAA, 0x03,
    0xE9, 0x80, 0xA0, 0x03, 0xE7, 0x9A, 0x82, 0x03, 0xE7, 0x81, 0xB6, 0x03, 0xE7, 0x87, 0xA5, 0x03,
    0xE8, 0xB4, 0xA3, 0x03, 0xE6, 0x8B, 0xA9, 0x03, 0xE5, 0x88, 0x99, 0x03, 0xE6, 0xB3, 0xBD, 0x03,
    0xE8, 0xB4, 0xBC, 0x03, 0xE6, 0x80, 0x8E, 0x03, 0xE5, 0xA2, 0x9E, 0x03, 0xE6, 0x86, 0x8E, 0x03,
    0xE8, 0xB5, 0xA0, 0x06, 0xE6, 0x80, 0x8E, 0xE4, 0xB9, 0x88, 0x03, 0xE6, 0x89, 0x8E, 0x03, 0xE9,
    0x93, 0xA1, 0x03, 0xE9, 0x97, 0xB8, 0x03, 0xE7, 0x9C, 0xA8, 0x03, 0xE6, 0xA0, 0x85, 0x03, 0xE6,
    0xA6, 0xA8, 0x03, 0xE4, 0xB9, 0x8D, 0x03, 0xE7, 0x82, 0xB8, 0x03, 0xE8, 0xAF, 0x88, 0x03, 0xE6,
    0x9F, 0x9E, 0x03, 0xE6, 0x91, 0x98, 0x03, 0xE6, 0x96, 0x8B, 0x03, 0xE5, 0xAE, 0x85, 0x03, 0xE7,
    0xAA, 0x84, 0x03, 0xE5, 0x80, 0xBA, 0x03, 0xE5, 0xAF, 0xA8, 0x03, 0xE7, 0x9E, 0xBB, 0x03, 0xE6,
    0xAF, 0xA1, 0x03, 0xE8, 0xA9, 0xB9, 0x03, 0xE7, 0xB2, 0x98, 0x03, 0xE6, 0xB2, 0xBE, 0x03, 0xE7,
    0x9B, 0x8F, 0x03, 0xE6, 0x96, 0xA9, 0x03, 0xE5, 0xB4, 0xAD, 0x03, 0xE5, 0xB1, 0x95, 0x03, 0xE8,
    0x98, 0xB8, 0x03, 0xE6, 0xA0, 0x88, 0x03, 0xE5, 0x8D, 0xA0, 0x03, 0xE6, 0x88, 0x98, 0x03, 0xE7,
    0xAB, 0x99, 0x03, 0xE6, 0xB9, 0x9B, 0x03, 0xE7, 0xBB, 0xBD, 0x03, 0xE9, 0x95, 0xBF, 0x03, 0xE6,
    0xA8, 0x9F, 0x03, 0xE7, 0xAB, 0xA0, 0x03, 0xE5, 0xBD, 0xB0, 0x03, 0xE6, 0xBC, 0xB3, 0x03, 0xE5,
    0xBC, 0xA0, 0x03, 0xE6, 0x8E, 0x8C, 0x03, 0xE6, 0xB6, 0xA8, 0x03, 0xE6, 0x9D, 0x96, 0x03, 0xE4,
    0xB8, 0x88, 0x03, 0xE5, 0xB8, 0x90, 0x03, 0xE8, 0xB4, 0xA6, 0x03, 0xE4, 0xBB, 0x97, 0x03, 0xE8,
    0x83, 0x80, 0x03, 0xE7, 0x98, 0xB4, 0x03, 0xE9, 0x9A, 0x9C, 0x03, 0xE6, 0x8B, 0x9B, 0x03, 0xE6,
    0x98, 0xAD, 0x03, 0xE6, 0x89, 0xBE, 0x03, 0xE6, 0xB2, 0xBC, 0x03, 0xE8, 0xB5, 0xB5, 0x03, 0xE7,
    0x85, 0xA7, 0x03, 0xE7, 0xBD, 0xA9, 0x03, 0xE5, 0x85, 0x86, 0x03, 0xE8, 0x82, 0x87, 0x03, 0xE5,
    0x8F, 0xAC, 0x03, 0xE7, 0x88, 0xAA, 0x03, 0xE9, 0x81, 0xAE, 0x03, 0xE6, 0x8A, 0x98, 0x03, 0xE5,
    0x93, 0xB2, 0x03, 0xE8, 0x9B, 0xB0, 0x03, 0xE8, 0xBE, 0x99, 0x03, 0xE8, 0x80, 0x85, 0x03, 0xE9,
    0x94, 0x97, 0x03, 0xE8, 0x94, 0x97, 0x03, 0xE8, 0xBF, 0x99, 0x03, 0xE6, 0xB5, 0x99, 0x03, 0xE7,
    0x9D, 0x80, 0x06, 0xE8, 0xBF, 0x99, 0xE4, 0xB8, 0xAA, 0x03, 0xE7, 0x8F, 0x8D, 0x03, 0xE6, 0x96,
    0x9F, 0x03, 0xE7, 0x9C, 0x9F, 0x03, 0xE7, 0x94, 0x84, 0x03, 0xE7, 0xA0, 0xA7, 0x03, 0xE8, 0x87,
    0xBB, 0x03, 0xE8, 0xB4, 0x9E, 0x03, 0xE9, 0x92, 0x88, 0x03, 0xE4, 0xBE, 0xA6, 0x03, 0xE6, 0x9E,
    0x95, 0x03, 0xE7, 0x96, 0xB9, 0x03, 0xE8, 0xAF, 0x8A, 0x03, 0xE9, 0x9C, 0x87, 0x03, 0xE6, 0x8C,
    0xAF, 0x03, 0xE9, 0x95, 0x87, 0x03, 0xE9, 0x98, 0xB5, 0x03, 0xE5, 0xB8, 0xA7, 0x03, 0xE8, 0x92,
    0xB8, 0x03, 0xE6, 0x8C, 0xA3, 0x03, 0xE7, 0x9D, 0x81, 0x03, 0xE5, 0xBE, 0x81, 0x03, 0xE7, 0x8B,
    0xB0, 0x03, 0xE4, 0xBA, 0x89, 0x03, 0xE6, 0x80, 0x94, 0x03, 0xE7, 0x97, 0x87, 0x03, 0xE9, 0x83,
    0x91, 0x03, 0xE8, 0xAF, 0x81, 0x06, 0xE8, 0xBF, 0x99, 0xE4, 0xBA, 0x9B, 0x03, 0xE8, 0xAF, 0x86,
    0x03, 0xE8, 0x8A, 0x9D, 0x03, 0xE6, 0x9E, 0x9D, 0x03, 0xE6, 0x94, 0xAF, 0x03, 0xE5, 0x90, 0xB1,
    0x03, 0xE8, 0x9C, 0x98, 0x03, 0xE7, 0x9F, 0xA5, 0x03, 0xE8, 0x82, 0xA2, 0x03, 0xE8, 0x84, 0x82,
    0x03, 0xE6, 0xB1, 0x81, 0x03, 0xE4, 0xB9, 0x8B, 0x03, 0xE7, 0xBB, 0x87, 0x03, 0xE8, 0x81, 0x8C,
    0x03, 0xE7, 0x9B, 0xB4, 0x03, 0xE6, 0xA4, 0x8D, 0x03, 0xE6, 0xAE, 0x96, 0x03, 0xE6, 0x89, 0xA7,
    0x03, 0xE5, 0x80, 0xBC, 0x03, 0xE4, 0xBE, 0x84, 0x03, 0xE5, 0x9D, 0x80, 0x03, 0xE6, 0x8C, 0x87,
    0x03, 0xE6, 0xAD, 0xA2, 0x03, 0xE8, 0xB6, 0xBE, 0x03, 0xE5, 0x8F, 0xAA, 0x06, 0xE7, 0x9B, 0xB4,
    0xE6, 0x92, 0xAD, 0x06, 0xE7, 0x9F, 0xA5, 0xE9, 0x81, 0x93, 0x03, 0xE4, 0xB8, 0xAD, 0x03, 0xE7,
    0x9B, 0x85, 0x03, 0xE5, 0xBF, 0xA0, 0x03, 0xE9, 0x92, 0x9F, 0x03, 0xE8, 0xA1, 0xB7, 0x03, 0xE7,
    0xBB, 0x88, 0x03, 0xE7, 0xA7, 0x8D, 0x03, 0xE8, 0x82, 0xBF, 0x03, 0xE9, 0x87, 0x8D, 0x03, 0xE4,
    0xBB, 0xB2, 0x03, 0xE4, 0xBC, 0x97, 0x03, 0xE8, 0x88, 0x9F, 0x03, 0xE5, 0x91, 0xA8, 0x03, 0xE5,
    0xB7, 0x9E, 0x03, 0xE6, 0xB4, 0xB2, 0x03, 0xE8, 0xAF, 0x8C, 0x03, 0xE7, 0xB2, 0xA5, 0x03, 0xE8,
    0xBD, 0xB4, 0x03, 0xE8, 0x82, 0x98, 0x03, 0xE5, 0xB8, 0x9A, 0x03, 0xE5, 0x92, 0x92, 0x03, 0xE7,
    0x9A, 0xB1, 0x03, 0xE5, 0xAE, 0x99, 0x03, 0xE6, 0x98, 0xBC, 0x03, 0xE9, 0xAA, 0xA4, 0x03, 0xE7,
    0x8F, 0xA0, 0x03, 0xE6, 0xA0, 0xAA, 0x03, 0xE8, 0x9B, 0x9B, 0x03, 0xE6, 0x9C, 0xB1, 0x03, 0xE7,
    0x8C, 0xAA, 0x03, 0xE8, 0xAF, 0xB8, 0x03, 0xE8, 0xAF, 0x9B, 0x03, 0xE9, 0x80, 0x90, 0x03, 0xE7,
    0xAB, 0xB9, 0x03, 0xE7, 0x83, 0x9B, 0x03, 0xE7, 0x85, 0xAE, 0x03, 0xE6, 0x8B, 0x84, 0x03, 0xE7,
    0x9E, 0xA9, 0x03, 0xE5, 0x98, 0xB1, 0x03, 0xE4, 0xB8, 0xBB, 0x03, 0xE8, 0x91, 0x97, 0x03, 0xE6,
    0x9F, 0xB1, 0x03, 0xE5, 0x8A, 0xA9, 0x03, 0xE4, 0xBD, 0x8F, 0x03, 0xE6, 0xB3, 0xA8, 0x03, 0xE7,
    0xA5, 0x9D, 0x03, 0xE9, 0xA9, 0xBB, 0x03, 0xE6, 0x8A, 0x93, 0x03, 0xE7, 0x88, 0xAA, 0x03, 0xE6,
    0x8B, 0xBD, 0x03, 0xE4, 0xBC, 0xA0, 0x03, 0xE4, 0xB8, 0x93, 0x03, 0xE7, 0xA0, 0x96, 0x03, 0xE8,
    0xBD, 0xAC, 0x03, 0xE6, 0x92, 0xB0, 0x03, 0xE8, 0xB5, 0x9A, 0x03, 0xE7, 0xAF, 0x86, 0x03, 0xE6,
    0xA1, 0xA9, 0x03, 0xE5, 0xBA, 0x84, 0x03, 0xE8, 0xA3, 0x85, 0x03, 0xE5, 0xA6, 0x86, 0x03, 0xE6,
    0x92, 0x9E, 0x03, 0xE5, 0xA3, 0xAE, 0x03, 0xE7, 0x8A, 0xB6, 0x06, 0xE4, 0xB8, 0xBB, 0xE6, 0x9D,
    0xBF, 0x06, 0xE6, 0xB3, 0xA8, 0xE5, 0x86, 0x8C, 0x03, 0xE9, 0x94, 0xA5, 0x03, 0xE8, 0xBF, 0xBD,
    0x03, 0xE8, 0xB5, 0x98, 0x03, 0xE5, 0x9D, 0xA0, 0x03, 0xE7, 0xBC, 0x80, 0x03, 0xE8, 0xB0, 0x86,
    0x03, 0xE5, 0x87, 0x86, 0x03, 0xE6, 0x8D, 0x89, 0x03, 0xE6, 0x8B, 0x99, 0x03, 0xE5, 0x8D, 0x93,
    0x03, 0xE6, 0xA1, 0x8C, 0x03, 0xE8, 0x8C, 0x81, 0x03, 0xE9, 0x85, 0x8C, 0x03, 0xE5, 0x95, 0x84,
    0x03, 0xE7, 0x81, 0xBC, 0x03, 0xE6, 0xB5, 0x8A, 0x03, 0xE5, 0x85, 0xB9, 0x03, 0xE5, 0x92, 0xA8,
    0x03, 0xE8, 0xB5, 0x84, 0x03, 0xE5, 0xA7, 0xBF, 0x03, 0xE6, 0xBB, 0x8B, 0x03, 0xE6, 0xB7, 0x84,
    0x03, 0xE5, 0xAD, 0x9C, 0x03, 0xE7, 0xB4, 0xAB, 0x03, 0xE7, 0xB1, 0xBD, 0x03, 0xE6, 0xBB, 0x93,
    0x03, 0xE5, 0xAD, 0x90, 0x03, 0xE8, 0x87, 0xAA, 0x03, 0xE6, 0xB8, 0x8D, 0x03, 0xE5, 0xAD, 0x97,
    0x06, 0xE8, 0x87, 0xAA, 0xE5, 0xB7, 0xB1, 0x06, 0xE8, 0xB5, 0x84, 0xE8, 0xAE, 0xAF, 0x03, 0xE9,
    0xAC, 0x83, 0x03, 0xE6, 0xA3, 0x95, 0x03, 0xE8, 0xB8, 0xAA, 0x03, 0xE5, 0xAE, 0x97, 0x03, 0xE7,
    0xBB, 0xBC, 0x03, 0xE6, 0x80, 0xBB, 0x03, 0xE7, 0xBA, 0xB5, 0x03, 0xE9, 0x82, 0xB9, 0x03, 0xE8,
    0xB5, 0xB0, 0x03, 0xE5, 0xA5, 0x8F, 0x03, 0xE6, 0x8F, 0x8D, 0x03, 0xE7, 0xA7, 0x9F, 0x03, 0xE8,
    0xB6, 0xB3, 0x03, 0xE5, 0x8D, 0x92, 0x03, 0xE6, 0x97, 0x8F, 0x03, 0xE7, 0xA5, 0x96, 0x03, 0xE8,
    0xAF, 0x85, 0x03, 0xE9, 0x98, 0xBB, 0x03, 0xE7, 0xBB, 0x84, 0x03, 0xE9, 0x92, 0xBB, 0x03, 0xE7,
    0xBA, 0x82, 0x03, 0xE5, 0x98, 0xB4, 0x03, 0xE9, 0x86, 0x89, 0x03, 0xE6, 0x9C, 0x80, 0x03, 0xE7,
    0xBD, 0xAA, 0x03, 0xE5, 0xB0, 0x8A, 0x03, 0xE9, 0x81, 0xB5, 0x03, 0xE7, 0x90, 0xA2, 0x03, 0xE6,
    0x98, 0xA8, 0x03, 0xE5, 0xB7, 0xA6, 0x03, 0xE4, 0xBD, 0x90, 0x03, 0xE5, 0x81, 0x9A, 0x03, 0xE4,
    0xBD, 0x9C, 0x03, 0xE5, 0x9D, 0x90, 0x03, 0xE5, 0xBA, 0xA7,
};
